article_id,high_quality_overall,low_quality_overall,high_quality_thesis,low_quality_thesis,high_quality_persuasive,low_quality_persuasive,high_quality_reasonable,low_quality_reasonable,high_quality_self_contained,low_quality_self_contained
1,['summary_3'],"['summary_1', 'summary_2', 'summary_4', 'summary_5']",[],"['summary_1', 'summary_2', 'summary_3', 'summary_4', 'summary_5']","['summary_3', 'summary_5']","['summary_1', 'summary_2', 'summary_4']","['summary_2', 'summary_3']","['summary_1', 'summary_4', 'summary_5']","['summary_3', 'summary_5']","['summary_1', 'summary_2', 'summary_4']"
2,"['summary_1', 'summary_2', 'summary_3', 'summary_4']",['summary_5'],"['summary_1', 'summary_2', 'summary_3', 'summary_4']",['summary_5'],"['summary_1', 'summary_2', 'summary_3', 'summary_4', 'summary_5']",[],"['summary_1', 'summary_2', 'summary_3', 'summary_4', 'summary_5']",[],"['summary_1', 'summary_2', 'summary_4']","['summary_3', 'summary_5']"
3,"['summary_1', 'summary_2', 'summary_3', 'summary_4']",['summary_5'],"['summary_1', 'summary_2', 'summary_3', 'summary_4', 'summary_5']",[],"['summary_1', 'summary_2', 'summary_3', 'summary_4']",['summary_5'],"['summary_1', 'summary_2', 'summary_3', 'summary_4', 'summary_5']",[],"['summary_1', 'summary_2', 'summary_3', 'summary_4']",['summary_5']
4,"['summary_1', 'summary_2', 'summary_3', 'summary_4', 'summary_5']",[],"['summary_2', 'summary_3', 'summary_4', 'summary_5']",['summary_1'],"['summary_1', 'summary_2', 'summary_3', 'summary_4', 'summary_5']",[],"['summary_1', 'summary_2', 'summary_3', 'summary_4', 'summary_5']",[],"['summary_1', 'summary_2', 'summary_3', 'summary_4', 'summary_5']",[]
6,"['summary_1', 'summary_2', 'summary_3', 'summary_4', 'summary_5']",[],"['summary_1', 'summary_2', 'summary_3', 'summary_4', 'summary_5']",[],"['summary_1', 'summary_2', 'summary_3', 'summary_4', 'summary_5']",[],"['summary_1', 'summary_2', 'summary_3', 'summary_4', 'summary_5']",[],"['summary_1', 'summary_2', 'summary_3', 'summary_4', 'summary_5']",[]
7,"['summary_1', 'summary_2', 'summary_3', 'summary_4', 'summary_5']",[],"['summary_1', 'summary_2', 'summary_3', 'summary_4', 'summary_5']",[],"['summary_1', 'summary_2', 'summary_3', 'summary_4', 'summary_5']",[],"['summary_1', 'summary_2', 'summary_3', 'summary_4', 'summary_5']",[],"['summary_1', 'summary_2', 'summary_3', 'summary_4', 'summary_5']",[]
8,"['summary_1', 'summary_2', 'summary_4', 'summary_5']",['summary_3'],"['summary_1', 'summary_2', 'summary_4', 'summary_5']",['summary_3'],"['summary_4', 'summary_5']","['summary_1', 'summary_2', 'summary_3']","['summary_1', 'summary_2', 'summary_4', 'summary_5']",['summary_3'],"['summary_1', 'summary_2', 'summary_4', 'summary_5']",['summary_3']
9,"['summary_1', 'summary_2', 'summary_3', 'summary_4', 'summary_5']",[],"['summary_1', 'summary_2', 'summary_3', 'summary_4', 'summary_5']",[],"['summary_1', 'summary_2', 'summary_3', 'summary_4', 'summary_5']",[],"['summary_1', 'summary_2', 'summary_3', 'summary_4', 'summary_5']",[],"['summary_1', 'summary_2', 'summary_3', 'summary_4', 'summary_5']",[]
10,"['summary_1', 'summary_2', 'summary_3', 'summary_4', 'summary_5']",[],"['summary_1', 'summary_2', 'summary_3', 'summary_4', 'summary_5']",[],"['summary_1', 'summary_2', 'summary_3', 'summary_4', 'summary_5']",[],"['summary_1', 'summary_2', 'summary_3', 'summary_4', 'summary_5']",[],"['summary_1', 'summary_2', 'summary_3', 'summary_4', 'summary_5']",[]
11,"['summary_1', 'summary_2', 'summary_3', 'summary_4', 'summary_5']",[],"['summary_1', 'summary_2', 'summary_3', 'summary_4', 'summary_5']",[],"['summary_1', 'summary_2', 'summary_3', 'summary_4', 'summary_5']",[],"['summary_1', 'summary_2', 'summary_3', 'summary_4', 'summary_5']",[],"['summary_1', 'summary_2', 'summary_3', 'summary_4', 'summary_5']",[]
12,"['summary_1', 'summary_4', 'summary_5']","['summary_2', 'summary_3']","['summary_1', 'summary_2', 'summary_4', 'summary_5']",['summary_3'],"['summary_1', 'summary_2', 'summary_4', 'summary_5']",['summary_3'],"['summary_1', 'summary_2', 'summary_3', 'summary_4', 'summary_5']",[],"['summary_1', 'summary_3', 'summary_4', 'summary_5']",['summary_2']
13,"['summary_1', 'summary_2', 'summary_3', 'summary_4']",['summary_5'],"['summary_1', 'summary_2', 'summary_3', 'summary_4']",['summary_5'],"['summary_1', 'summary_2', 'summary_3', 'summary_4', 'summary_5']",[],"['summary_1', 'summary_2', 'summary_4']","['summary_3', 'summary_5']","['summary_1', 'summary_3', 'summary_4']","['summary_2', 'summary_5']"
14,"['summary_1', 'summary_2', 'summary_3', 'summary_4', 'summary_5']",[],"['summary_1', 'summary_2', 'summary_3', 'summary_4', 'summary_5']",[],"['summary_1', 'summary_2', 'summary_3', 'summary_4', 'summary_5']",[],"['summary_1', 'summary_2', 'summary_3', 'summary_4', 'summary_5']",[],"['summary_1', 'summary_2', 'summary_3', 'summary_4', 'summary_5']",[]
15,"['summary_1', 'summary_2', 'summary_3', 'summary_4', 'summary_5']",[],"['summary_1', 'summary_2', 'summary_3', 'summary_4', 'summary_5']",[],"['summary_1', 'summary_2', 'summary_3', 'summary_4', 'summary_5']",[],"['summary_1', 'summary_2', 'summary_3', 'summary_4', 'summary_5']",[],"['summary_1', 'summary_2', 'summary_3', 'summary_4', 'summary_5']",[]
16,"['summary_1', 'summary_2', 'summary_3', 'summary_4', 'summary_5']",[],"['summary_1', 'summary_2', 'summary_3', 'summary_4', 'summary_5']",[],"['summary_1', 'summary_2', 'summary_3', 'summary_4', 'summary_5']",[],"['summary_1', 'summary_2', 'summary_3', 'summary_4', 'summary_5']",[],"['summary_1', 'summary_2', 'summary_3', 'summary_4', 'summary_5']",[]
17,"['summary_1', 'summary_2', 'summary_3', 'summary_4', 'summary_5']",[],"['summary_1', 'summary_2', 'summary_3', 'summary_4', 'summary_5']",[],"['summary_1', 'summary_2', 'summary_3', 'summary_4', 'summary_5']",[],"['summary_1', 'summary_2', 'summary_3', 'summary_4', 'summary_5']",[],"['summary_1', 'summary_2', 'summary_3', 'summary_4', 'summary_5']",[]
18,"['summary_1', 'summary_2', 'summary_4', 'summary_5']",['summary_3'],"['summary_1', 'summary_2', 'summary_5']","['summary_3', 'summary_4']","['summary_1', 'summary_2', 'summary_4', 'summary_5']",['summary_3'],"['summary_1', 'summary_2', 'summary_4', 'summary_5']",['summary_3'],"['summary_1', 'summary_2', 'summary_3', 'summary_4', 'summary_5']",[]
19,"['summary_1', 'summary_2', 'summary_3', 'summary_4', 'summary_5']",[],"['summary_1', 'summary_2', 'summary_3', 'summary_4', 'summary_5']",[],"['summary_1', 'summary_2', 'summary_3', 'summary_4', 'summary_5']",[],"['summary_1', 'summary_2', 'summary_3', 'summary_4', 'summary_5']",[],"['summary_1', 'summary_2', 'summary_3', 'summary_4', 'summary_5']",[]
20,"['summary_1', 'summary_2', 'summary_3', 'summary_4', 'summary_5']",[],"['summary_1', 'summary_2', 'summary_3', 'summary_4', 'summary_5']",[],"['summary_1', 'summary_2', 'summary_3', 'summary_4', 'summary_5']",[],"['summary_1', 'summary_2', 'summary_3', 'summary_4']",['summary_5'],"['summary_1', 'summary_2', 'summary_3', 'summary_4', 'summary_5']",[]
21,"['summary_1', 'summary_2', 'summary_3', 'summary_4', 'summary_5']",[],"['summary_1', 'summary_2', 'summary_3', 'summary_4', 'summary_5']",[],"['summary_1', 'summary_2', 'summary_3', 'summary_4', 'summary_5']",[],"['summary_1', 'summary_2', 'summary_3', 'summary_4', 'summary_5']",[],"['summary_1', 'summary_2', 'summary_3', 'summary_4', 'summary_5']",[]
22,"['summary_1', 'summary_2', 'summary_3', 'summary_4', 'summary_5']",[],"['summary_1', 'summary_2', 'summary_3', 'summary_5']",['summary_4'],"['summary_1', 'summary_2', 'summary_3', 'summary_4', 'summary_5']",[],"['summary_1', 'summary_2', 'summary_3', 'summary_4', 'summary_5']",[],"['summary_1', 'summary_2', 'summary_3', 'summary_4', 'summary_5']",[]
23,"['summary_1', 'summary_2', 'summary_3', 'summary_4', 'summary_5']",[],"['summary_1', 'summary_2', 'summary_3', 'summary_4', 'summary_5']",[],"['summary_1', 'summary_2', 'summary_3', 'summary_4', 'summary_5']",[],"['summary_1', 'summary_2', 'summary_3', 'summary_4', 'summary_5']",[],"['summary_1', 'summary_2', 'summary_3', 'summary_4', 'summary_5']",[]
24,"['summary_1', 'summary_4']","['summary_2', 'summary_3', 'summary_5']","['summary_4', 'summary_5']","['summary_1', 'summary_2', 'summary_3']","['summary_1', 'summary_3', 'summary_4']","['summary_2', 'summary_5']","['summary_1', 'summary_2', 'summary_3', 'summary_4', 'summary_5']",[],"['summary_1', 'summary_4']","['summary_2', 'summary_3', 'summary_5']"
25,"['summary_1', 'summary_2', 'summary_3', 'summary_4', 'summary_5']",[],"['summary_1', 'summary_2', 'summary_3', 'summary_4', 'summary_5']",[],"['summary_1', 'summary_2', 'summary_3', 'summary_4', 'summary_5']",[],"['summary_1', 'summary_2', 'summary_3', 'summary_4', 'summary_5']",[],"['summary_1', 'summary_2', 'summary_3', 'summary_4', 'summary_5']",[]
26,"['summary_1', 'summary_2', 'summary_3', 'summary_4']",['summary_5'],"['summary_1', 'summary_2', 'summary_4']","['summary_3', 'summary_5']","['summary_1', 'summary_2', 'summary_3', 'summary_4', 'summary_5']",[],"['summary_1', 'summary_2', 'summary_4', 'summary_5']",['summary_3'],"['summary_1', 'summary_2', 'summary_3', 'summary_4']",['summary_5']
27,"['summary_1', 'summary_2', 'summary_3', 'summary_4', 'summary_5']",[],"['summary_1', 'summary_2', 'summary_3', 'summary_4', 'summary_5']",[],"['summary_1', 'summary_2', 'summary_3', 'summary_4', 'summary_5']",[],"['summary_1', 'summary_2', 'summary_3', 'summary_4', 'summary_5']",[],"['summary_1', 'summary_2', 'summary_3', 'summary_4', 'summary_5']",[]
28,"['summary_2', 'summary_3', 'summary_4', 'summary_5']",['summary_1'],"['summary_2', 'summary_3', 'summary_4', 'summary_5']",['summary_1'],"['summary_1', 'summary_2', 'summary_3', 'summary_4', 'summary_5']",[],"['summary_2', 'summary_3', 'summary_4', 'summary_5']",['summary_1'],"['summary_1', 'summary_2', 'summary_3', 'summary_4', 'summary_5']",[]
29,"['summary_1', 'summary_2', 'summary_3', 'summary_4', 'summary_5']",[],"['summary_1', 'summary_2', 'summary_3', 'summary_4', 'summary_5']",[],"['summary_1', 'summary_2', 'summary_3', 'summary_4', 'summary_5']",[],"['summary_1', 'summary_2', 'summary_3', 'summary_4', 'summary_5']",[],"['summary_1', 'summary_2', 'summary_3', 'summary_4', 'summary_5']",[]
30,"['summary_1', 'summary_2', 'summary_3', 'summary_5']",['summary_4'],"['summary_1', 'summary_2', 'summary_3', 'summary_4', 'summary_5']",[],"['summary_1', 'summary_2', 'summary_3', 'summary_5']",['summary_4'],"['summary_1', 'summary_2', 'summary_3', 'summary_4', 'summary_5']",[],"['summary_1', 'summary_2', 'summary_3', 'summary_5']",['summary_4']
31,[],"['summary_1', 'summary_2', 'summary_3', 'summary_4', 'summary_5']",[],"['summary_1', 'summary_2', 'summary_3', 'summary_4', 'summary_5']",['summary_4'],"['summary_1', 'summary_2', 'summary_3', 'summary_5']",[],"['summary_1', 'summary_2', 'summary_3', 'summary_4', 'summary_5']",[],"['summary_1', 'summary_2', 'summary_3', 'summary_4', 'summary_5']"
32,"['summary_1', 'summary_4', 'summary_5']","['summary_2', 'summary_3']","['summary_1', 'summary_2', 'summary_3', 'summary_4', 'summary_5']",[],"['summary_1', 'summary_2', 'summary_4', 'summary_5']",['summary_3'],"['summary_1', 'summary_3', 'summary_4']","['summary_2', 'summary_5']","['summary_1', 'summary_5']","['summary_2', 'summary_3', 'summary_4']"
33,"['summary_1', 'summary_2', 'summary_3', 'summary_4', 'summary_5']",[],"['summary_1', 'summary_2', 'summary_3', 'summary_4', 'summary_5']",[],"['summary_1', 'summary_2', 'summary_3', 'summary_4']",['summary_5'],"['summary_1', 'summary_2', 'summary_3', 'summary_4', 'summary_5']",[],"['summary_1', 'summary_2', 'summary_3', 'summary_4', 'summary_5']",[]
34,"['summary_2', 'summary_4', 'summary_5']","['summary_1', 'summary_3']","['summary_1', 'summary_2', 'summary_3', 'summary_4', 'summary_5']",[],"['summary_2', 'summary_4', 'summary_5']","['summary_1', 'summary_3']","['summary_2', 'summary_3', 'summary_4', 'summary_5']",['summary_1'],"['summary_1', 'summary_3', 'summary_4', 'summary_5']",['summary_2']
35,"['summary_1', 'summary_2', 'summary_3', 'summary_4', 'summary_5']",[],"['summary_1', 'summary_2', 'summary_3', 'summary_4', 'summary_5']",[],"['summary_1', 'summary_2', 'summary_3', 'summary_4', 'summary_5']",[],"['summary_1', 'summary_2', 'summary_3', 'summary_4', 'summary_5']",[],"['summary_1', 'summary_2', 'summary_3', 'summary_5']",['summary_4']
36,"['summary_2', 'summary_4', 'summary_5']","['summary_1', 'summary_3']","['summary_4', 'summary_5']","['summary_1', 'summary_2', 'summary_3']","['summary_2', 'summary_4', 'summary_5']","['summary_1', 'summary_3']","['summary_1', 'summary_2', 'summary_3', 'summary_4', 'summary_5']",[],"['summary_1', 'summary_2', 'summary_3', 'summary_4', 'summary_5']",[]
37,"['summary_1', 'summary_3', 'summary_5']","['summary_2', 'summary_4']","['summary_1', 'summary_2', 'summary_3', 'summary_5']",['summary_4'],"['summary_1', 'summary_3', 'summary_5']","['summary_2', 'summary_4']","['summary_1', 'summary_3', 'summary_5']","['summary_2', 'summary_4']","['summary_1', 'summary_2', 'summary_3', 'summary_5']",['summary_4']
38,"['summary_4', 'summary_5']","['summary_1', 'summary_2', 'summary_3']","['summary_2', 'summary_4', 'summary_5']","['summary_1', 'summary_3']","['summary_1', 'summary_4', 'summary_5']","['summary_2', 'summary_3']","['summary_1', 'summary_2', 'summary_3', 'summary_4', 'summary_5']",[],"['summary_1', 'summary_2', 'summary_3', 'summary_4', 'summary_5']",[]
40,"['summary_1', 'summary_2', 'summary_3', 'summary_4', 'summary_5']",[],"['summary_1', 'summary_3', 'summary_4', 'summary_5']",['summary_2'],"['summary_1', 'summary_2', 'summary_3', 'summary_4', 'summary_5']",[],"['summary_1', 'summary_2', 'summary_3', 'summary_4', 'summary_5']",[],"['summary_1', 'summary_2', 'summary_3', 'summary_4', 'summary_5']",[]
41,"['summary_1', 'summary_2', 'summary_3', 'summary_4', 'summary_5']",[],[],"['summary_1', 'summary_2', 'summary_3', 'summary_4', 'summary_5']","['summary_1', 'summary_2', 'summary_3', 'summary_4', 'summary_5']",[],"['summary_1', 'summary_2', 'summary_3', 'summary_4', 'summary_5']",[],"['summary_1', 'summary_2', 'summary_3', 'summary_4', 'summary_5']",[]
42,"['summary_1', 'summary_2', 'summary_3', 'summary_4', 'summary_5']",[],"['summary_1', 'summary_2', 'summary_3', 'summary_4', 'summary_5']",[],"['summary_1', 'summary_2', 'summary_3', 'summary_4', 'summary_5']",[],"['summary_1', 'summary_2', 'summary_3', 'summary_4', 'summary_5']",[],"['summary_1', 'summary_2', 'summary_3', 'summary_4', 'summary_5']",[]
43,['summary_1'],"['summary_2', 'summary_3', 'summary_4', 'summary_5']","['summary_1', 'summary_2', 'summary_4', 'summary_5']",['summary_3'],['summary_1'],"['summary_2', 'summary_3', 'summary_4', 'summary_5']","['summary_1', 'summary_2', 'summary_4']","['summary_3', 'summary_5']","['summary_1', 'summary_2', 'summary_4']","['summary_3', 'summary_5']"
44,"['summary_2', 'summary_3', 'summary_4', 'summary_5']",['summary_1'],"['summary_1', 'summary_2', 'summary_3', 'summary_4', 'summary_5']",[],"['summary_2', 'summary_3', 'summary_4', 'summary_5']",['summary_1'],"['summary_1', 'summary_2', 'summary_3', 'summary_4', 'summary_5']",[],"['summary_1', 'summary_2', 'summary_3', 'summary_4']",['summary_5']
45,"['summary_1', 'summary_2', 'summary_3', 'summary_4', 'summary_5']",[],"['summary_1', 'summary_2', 'summary_4', 'summary_5']",['summary_3'],"['summary_1', 'summary_2', 'summary_3', 'summary_4', 'summary_5']",[],"['summary_1', 'summary_2', 'summary_3', 'summary_4', 'summary_5']",[],"['summary_1', 'summary_2', 'summary_3', 'summary_4', 'summary_5']",[]
46,"['summary_1', 'summary_2', 'summary_3', 'summary_4', 'summary_5']",[],"['summary_3', 'summary_4']","['summary_1', 'summary_2', 'summary_5']","['summary_1', 'summary_2', 'summary_3', 'summary_4', 'summary_5']",[],"['summary_1', 'summary_2', 'summary_3', 'summary_4', 'summary_5']",[],"['summary_1', 'summary_2', 'summary_3', 'summary_4', 'summary_5']",[]
47,"['summary_1', 'summary_2', 'summary_3', 'summary_4', 'summary_5']",[],"['summary_1', 'summary_2', 'summary_3', 'summary_4', 'summary_5']",[],"['summary_1', 'summary_2', 'summary_3', 'summary_4', 'summary_5']",[],"['summary_1', 'summary_2', 'summary_3', 'summary_4', 'summary_5']",[],"['summary_1', 'summary_2', 'summary_3', 'summary_4', 'summary_5']",[]
48,"['summary_1', 'summary_2', 'summary_3', 'summary_4', 'summary_5']",[],"['summary_1', 'summary_2', 'summary_3', 'summary_4', 'summary_5']",[],"['summary_1', 'summary_2', 'summary_3', 'summary_4', 'summary_5']",[],"['summary_1', 'summary_2', 'summary_3', 'summary_4', 'summary_5']",[],"['summary_1', 'summary_2', 'summary_3', 'summary_4', 'summary_5']",[]
50,"['summary_1', 'summary_2', 'summary_4', 'summary_5']",['summary_3'],"['summary_1', 'summary_2', 'summary_4', 'summary_5']",['summary_3'],"['summary_1', 'summary_2', 'summary_3', 'summary_5']",['summary_4'],"['summary_1', 'summary_2', 'summary_3', 'summary_4', 'summary_5']",[],"['summary_1', 'summary_2', 'summary_3', 'summary_4', 'summary_5']",[]
51,"['summary_1', 'summary_2', 'summary_3', 'summary_4', 'summary_5']",[],"['summary_1', 'summary_2', 'summary_3', 'summary_4', 'summary_5']",[],"['summary_1', 'summary_2', 'summary_3', 'summary_4', 'summary_5']",[],"['summary_1', 'summary_2', 'summary_3', 'summary_4', 'summary_5']",[],"['summary_1', 'summary_2', 'summary_3', 'summary_4', 'summary_5']",[]
54,"['summary_1', 'summary_2', 'summary_4', 'summary_5']",['summary_3'],"['summary_1', 'summary_2', 'summary_3', 'summary_4', 'summary_5']",[],"['summary_1', 'summary_2', 'summary_3', 'summary_4', 'summary_5']",[],"['summary_1', 'summary_2', 'summary_3', 'summary_4', 'summary_5']",[],"['summary_1', 'summary_2', 'summary_3', 'summary_4', 'summary_5']",[]
55,"['summary_1', 'summary_2', 'summary_3', 'summary_4', 'summary_5']",[],"['summary_1', 'summary_2', 'summary_3', 'summary_5']",['summary_4'],"['summary_1', 'summary_2', 'summary_3', 'summary_4', 'summary_5']",[],"['summary_1', 'summary_2', 'summary_3', 'summary_4', 'summary_5']",[],"['summary_1', 'summary_2', 'summary_3', 'summary_4', 'summary_5']",[]
56,"['summary_1', 'summary_2', 'summary_3', 'summary_4', 'summary_5']",[],"['summary_1', 'summary_2', 'summary_3', 'summary_4', 'summary_5']",[],"['summary_1', 'summary_2', 'summary_3', 'summary_5']",['summary_4'],"['summary_1', 'summary_2', 'summary_3', 'summary_4', 'summary_5']",[],"['summary_1', 'summary_2', 'summary_3', 'summary_4', 'summary_5']",[]
57,"['summary_1', 'summary_4', 'summary_5']","['summary_2', 'summary_3']","['summary_1', 'summary_4', 'summary_5']","['summary_2', 'summary_3']","['summary_1', 'summary_3', 'summary_4', 'summary_5']",['summary_2'],"['summary_1', 'summary_5']","['summary_2', 'summary_3', 'summary_4']","['summary_3', 'summary_4', 'summary_5']","['summary_1', 'summary_2']"
58,"['summary_1', 'summary_2', 'summary_3', 'summary_4', 'summary_5']",[],"['summary_1', 'summary_2', 'summary_3', 'summary_4', 'summary_5']",[],"['summary_1', 'summary_2', 'summary_3', 'summary_5']",['summary_4'],"['summary_1', 'summary_2', 'summary_3', 'summary_4', 'summary_5']",[],"['summary_1', 'summary_2', 'summary_3', 'summary_4', 'summary_5']",[]
59,"['summary_1', 'summary_2', 'summary_3', 'summary_4', 'summary_5']",[],"['summary_1', 'summary_2', 'summary_3', 'summary_4', 'summary_5']",[],"['summary_1', 'summary_2', 'summary_3', 'summary_4', 'summary_5']",[],"['summary_1', 'summary_2', 'summary_3', 'summary_4', 'summary_5']",[],"['summary_1', 'summary_2', 'summary_3', 'summary_4', 'summary_5']",[]
60,"['summary_1', 'summary_2', 'summary_3']","['summary_4', 'summary_5']","['summary_1', 'summary_2', 'summary_3', 'summary_4', 'summary_5']",[],"['summary_1', 'summary_2', 'summary_3', 'summary_5']",['summary_4'],"['summary_1', 'summary_2', 'summary_3']","['summary_4', 'summary_5']","['summary_1', 'summary_2', 'summary_4']","['summary_3', 'summary_5']"
61,['summary_4'],"['summary_1', 'summary_2', 'summary_3', 'summary_5']",['summary_4'],"['summary_1', 'summary_2', 'summary_3', 'summary_5']","['summary_1', 'summary_2', 'summary_4', 'summary_5']",['summary_3'],"['summary_1', 'summary_2', 'summary_4', 'summary_5']",['summary_3'],"['summary_4', 'summary_5']","['summary_1', 'summary_2', 'summary_3']"
62,"['summary_1', 'summary_2', 'summary_3', 'summary_4', 'summary_5']",[],"['summary_1', 'summary_2', 'summary_3', 'summary_4', 'summary_5']",[],"['summary_1', 'summary_2', 'summary_3', 'summary_4', 'summary_5']",[],"['summary_1', 'summary_2', 'summary_3', 'summary_4', 'summary_5']",[],"['summary_1', 'summary_2', 'summary_3', 'summary_4', 'summary_5']",[]
63,"['summary_1', 'summary_2', 'summary_3', 'summary_4', 'summary_5']",[],"['summary_3', 'summary_4', 'summary_5']","['summary_1', 'summary_2']","['summary_1', 'summary_2', 'summary_3', 'summary_4', 'summary_5']",[],"['summary_1', 'summary_2', 'summary_3', 'summary_4', 'summary_5']",[],"['summary_1', 'summary_2', 'summary_3', 'summary_4', 'summary_5']",[]
64,"['summary_1', 'summary_2', 'summary_3', 'summary_4', 'summary_5']",[],"['summary_1', 'summary_2', 'summary_3', 'summary_4', 'summary_5']",[],"['summary_1', 'summary_2', 'summary_3', 'summary_4', 'summary_5']",[],"['summary_1', 'summary_2', 'summary_3', 'summary_4', 'summary_5']",[],"['summary_1', 'summary_2', 'summary_3', 'summary_4', 'summary_5']",[]
66,"['summary_1', 'summary_2', 'summary_3', 'summary_4', 'summary_5']",[],"['summary_1', 'summary_2', 'summary_3', 'summary_4', 'summary_5']",[],"['summary_1', 'summary_2', 'summary_3', 'summary_4', 'summary_5']",[],"['summary_1', 'summary_2', 'summary_3', 'summary_4', 'summary_5']",[],"['summary_1', 'summary_2', 'summary_3', 'summary_4', 'summary_5']",[]
67,"['summary_1', 'summary_2', 'summary_3', 'summary_4', 'summary_5']",[],"['summary_1', 'summary_2', 'summary_3', 'summary_4', 'summary_5']",[],"['summary_1', 'summary_2', 'summary_3', 'summary_4', 'summary_5']",[],"['summary_1', 'summary_2', 'summary_3', 'summary_4', 'summary_5']",[],"['summary_1', 'summary_2', 'summary_3', 'summary_4', 'summary_5']",[]
68,"['summary_1', 'summary_2', 'summary_3', 'summary_4', 'summary_5']",[],"['summary_1', 'summary_2', 'summary_3', 'summary_4', 'summary_5']",[],"['summary_1', 'summary_2', 'summary_3', 'summary_4', 'summary_5']",[],"['summary_1', 'summary_2', 'summary_3', 'summary_4', 'summary_5']",[],"['summary_1', 'summary_2', 'summary_3', 'summary_4', 'summary_5']",[]
69,"['summary_2', 'summary_3', 'summary_4', 'summary_5']",['summary_1'],"['summary_1', 'summary_2', 'summary_3', 'summary_4', 'summary_5']",[],"['summary_2', 'summary_3', 'summary_4', 'summary_5']",['summary_1'],"['summary_2', 'summary_3', 'summary_4', 'summary_5']",['summary_1'],"['summary_2', 'summary_5']","['summary_1', 'summary_3', 'summary_4']"
70,"['summary_1', 'summary_4', 'summary_5']","['summary_2', 'summary_3']","['summary_1', 'summary_3', 'summary_4', 'summary_5']",['summary_2'],"['summary_1', 'summary_2', 'summary_4', 'summary_5']",['summary_3'],"['summary_1', 'summary_2', 'summary_3', 'summary_4', 'summary_5']",[],"['summary_4', 'summary_5']","['summary_1', 'summary_2', 'summary_3']"
71,"['summary_2', 'summary_3', 'summary_4', 'summary_5']",['summary_1'],"['summary_2', 'summary_3', 'summary_4', 'summary_5']",['summary_1'],"['summary_1', 'summary_2', 'summary_3', 'summary_4', 'summary_5']",[],"['summary_1', 'summary_2', 'summary_3', 'summary_4', 'summary_5']",[],"['summary_2', 'summary_3', 'summary_4', 'summary_5']",['summary_1']
72,"['summary_1', 'summary_2', 'summary_3', 'summary_4', 'summary_5']",[],"['summary_1', 'summary_2', 'summary_3', 'summary_4', 'summary_5']",[],"['summary_1', 'summary_2', 'summary_3', 'summary_4', 'summary_5']",[],"['summary_1', 'summary_2', 'summary_3', 'summary_4', 'summary_5']",[],"['summary_1', 'summary_2', 'summary_3', 'summary_4', 'summary_5']",[]
73,"['summary_1', 'summary_2', 'summary_4', 'summary_5']",['summary_3'],"['summary_1', 'summary_2', 'summary_3', 'summary_4', 'summary_5']",[],"['summary_1', 'summary_2', 'summary_3', 'summary_4', 'summary_5']",[],"['summary_1', 'summary_2', 'summary_3', 'summary_4', 'summary_5']",[],"['summary_1', 'summary_2', 'summary_4', 'summary_5']",['summary_3']
75,"['summary_1', 'summary_2', 'summary_3', 'summary_4', 'summary_5']",[],"['summary_1', 'summary_2', 'summary_3', 'summary_4', 'summary_5']",[],"['summary_1', 'summary_2', 'summary_3', 'summary_4', 'summary_5']",[],"['summary_1', 'summary_2', 'summary_3', 'summary_4', 'summary_5']",[],"['summary_1', 'summary_2', 'summary_3', 'summary_4', 'summary_5']",[]
76,"['summary_1', 'summary_2', 'summary_4', 'summary_5']",['summary_3'],"['summary_2', 'summary_4', 'summary_5']","['summary_1', 'summary_3']","['summary_1', 'summary_2', 'summary_3', 'summary_4', 'summary_5']",[],"['summary_1', 'summary_2', 'summary_3', 'summary_4', 'summary_5']",[],"['summary_2', 'summary_5']","['summary_1', 'summary_3', 'summary_4']"
78,"['summary_3', 'summary_4', 'summary_5']","['summary_1', 'summary_2']","['summary_3', 'summary_4', 'summary_5']","['summary_1', 'summary_2']","['summary_3', 'summary_4', 'summary_5']","['summary_1', 'summary_2']","['summary_2', 'summary_3', 'summary_4', 'summary_5']",['summary_1'],"['summary_1', 'summary_2', 'summary_3', 'summary_4', 'summary_5']",[]
79,"['summary_1', 'summary_2', 'summary_4', 'summary_5']",['summary_3'],"['summary_1', 'summary_2', 'summary_3', 'summary_4', 'summary_5']",[],"['summary_1', 'summary_2', 'summary_3', 'summary_5']",['summary_4'],"['summary_1', 'summary_2', 'summary_4', 'summary_5']",['summary_3'],"['summary_1', 'summary_2', 'summary_4', 'summary_5']",['summary_3']
80,"['summary_1', 'summary_2', 'summary_3', 'summary_4', 'summary_5']",[],"['summary_1', 'summary_2', 'summary_3', 'summary_4', 'summary_5']",[],"['summary_1', 'summary_2', 'summary_3', 'summary_4', 'summary_5']",[],"['summary_1', 'summary_2', 'summary_3', 'summary_4', 'summary_5']",[],['summary_4'],"['summary_1', 'summary_2', 'summary_3', 'summary_5']"
81,"['summary_2', 'summary_3', 'summary_5']","['summary_1', 'summary_4']","['summary_1', 'summary_2', 'summary_3', 'summary_5']",['summary_4'],"['summary_2', 'summary_3']","['summary_1', 'summary_4', 'summary_5']","['summary_1', 'summary_2', 'summary_3', 'summary_4', 'summary_5']",[],"['summary_1', 'summary_2', 'summary_3', 'summary_4', 'summary_5']",[]
83,"['summary_2', 'summary_4', 'summary_5']","['summary_1', 'summary_3']","['summary_1', 'summary_2', 'summary_4', 'summary_5']",['summary_3'],"['summary_2', 'summary_4', 'summary_5']","['summary_1', 'summary_3']","['summary_1', 'summary_2', 'summary_4', 'summary_5']",['summary_3'],"['summary_2', 'summary_4', 'summary_5']","['summary_1', 'summary_3']"
84,"['summary_1', 'summary_3', 'summary_4', 'summary_5']",['summary_2'],"['summary_1', 'summary_2', 'summary_3', 'summary_4', 'summary_5']",[],"['summary_1', 'summary_3', 'summary_4', 'summary_5']",['summary_2'],"['summary_1', 'summary_2', 'summary_3', 'summary_4', 'summary_5']",[],"['summary_1', 'summary_3', 'summary_4', 'summary_5']",['summary_2']
85,"['summary_4', 'summary_5']","['summary_1', 'summary_2', 'summary_3']",['summary_5'],"['summary_1', 'summary_2', 'summary_3', 'summary_4']","['summary_3', 'summary_4', 'summary_5']","['summary_1', 'summary_2']","['summary_1', 'summary_2', 'summary_3', 'summary_4', 'summary_5']",[],"['summary_1', 'summary_2', 'summary_3', 'summary_4', 'summary_5']",[]
86,"['summary_1', 'summary_2', 'summary_3', 'summary_4', 'summary_5']",[],"['summary_1', 'summary_2', 'summary_3', 'summary_4', 'summary_5']",[],"['summary_1', 'summary_2', 'summary_3', 'summary_4', 'summary_5']",[],"['summary_1', 'summary_2', 'summary_3', 'summary_4', 'summary_5']",[],"['summary_1', 'summary_2', 'summary_3', 'summary_4', 'summary_5']",[]
87,"['summary_1', 'summary_2', 'summary_3', 'summary_5']",['summary_4'],"['summary_2', 'summary_5']","['summary_1', 'summary_3', 'summary_4']","['summary_1', 'summary_2', 'summary_3', 'summary_4', 'summary_5']",[],"['summary_1', 'summary_2', 'summary_3', 'summary_5']",['summary_4'],"['summary_1', 'summary_2', 'summary_3', 'summary_5']",['summary_4']
88,"['summary_1', 'summary_2', 'summary_3', 'summary_4']",['summary_5'],"['summary_1', 'summary_2', 'summary_3', 'summary_4']",['summary_5'],"['summary_1', 'summary_2', 'summary_3', 'summary_4']",['summary_5'],"['summary_1', 'summary_2', 'summary_3', 'summary_4']",['summary_5'],"['summary_1', 'summary_2', 'summary_3', 'summary_4']",['summary_5']
89,"['summary_1', 'summary_2', 'summary_3', 'summary_4', 'summary_5']",[],"['summary_1', 'summary_2', 'summary_5']","['summary_3', 'summary_4']","['summary_1', 'summary_2', 'summary_3', 'summary_4', 'summary_5']",[],"['summary_1', 'summary_2', 'summary_3', 'summary_4', 'summary_5']",[],"['summary_1', 'summary_2', 'summary_3', 'summary_4', 'summary_5']",[]
90,"['summary_1', 'summary_2', 'summary_3', 'summary_4', 'summary_5']",[],"['summary_1', 'summary_2', 'summary_3', 'summary_4', 'summary_5']",[],"['summary_1', 'summary_2', 'summary_3', 'summary_4', 'summary_5']",[],"['summary_1', 'summary_2', 'summary_3', 'summary_4', 'summary_5']",[],"['summary_1', 'summary_2', 'summary_3', 'summary_4', 'summary_5']",[]
91,"['summary_1', 'summary_2', 'summary_3', 'summary_4', 'summary_5']",[],"['summary_1', 'summary_2', 'summary_3', 'summary_4', 'summary_5']",[],"['summary_1', 'summary_2', 'summary_3', 'summary_4', 'summary_5']",[],"['summary_1', 'summary_2', 'summary_3', 'summary_4', 'summary_5']",[],"['summary_1', 'summary_2', 'summary_3', 'summary_4', 'summary_5']",[]
92,"['summary_1', 'summary_2', 'summary_4', 'summary_5']",['summary_3'],['summary_5'],"['summary_1', 'summary_2', 'summary_3', 'summary_4']","['summary_1', 'summary_2', 'summary_3', 'summary_4', 'summary_5']",[],"['summary_1', 'summary_2', 'summary_3', 'summary_4', 'summary_5']",[],"['summary_1', 'summary_2', 'summary_3', 'summary_4', 'summary_5']",[]
93,"['summary_1', 'summary_2', 'summary_3', 'summary_4', 'summary_5']",[],"['summary_2', 'summary_5']","['summary_1', 'summary_3', 'summary_4']","['summary_1', 'summary_2', 'summary_3', 'summary_4', 'summary_5']",[],"['summary_1', 'summary_2', 'summary_3', 'summary_4', 'summary_5']",[],"['summary_1', 'summary_2', 'summary_3', 'summary_4', 'summary_5']",[]
94,"['summary_1', 'summary_2', 'summary_3', 'summary_4', 'summary_5']",[],"['summary_1', 'summary_2', 'summary_3', 'summary_4', 'summary_5']",[],"['summary_1', 'summary_2', 'summary_3', 'summary_4', 'summary_5']",[],"['summary_1', 'summary_2', 'summary_3', 'summary_4', 'summary_5']",[],"['summary_1', 'summary_2', 'summary_3', 'summary_4', 'summary_5']",[]
95,"['summary_1', 'summary_2', 'summary_3', 'summary_4', 'summary_5']",[],"['summary_1', 'summary_2', 'summary_3', 'summary_4', 'summary_5']",[],"['summary_1', 'summary_2', 'summary_3', 'summary_4', 'summary_5']",[],"['summary_1', 'summary_2', 'summary_3', 'summary_4', 'summary_5']",[],"['summary_1', 'summary_2', 'summary_3', 'summary_4', 'summary_5']",[]
96,"['summary_1', 'summary_2', 'summary_4']","['summary_3', 'summary_5']","['summary_1', 'summary_2', 'summary_3', 'summary_4']",['summary_5'],"['summary_1', 'summary_2', 'summary_4']","['summary_3', 'summary_5']","['summary_1', 'summary_2', 'summary_3', 'summary_4']",['summary_5'],"['summary_1', 'summary_2', 'summary_3', 'summary_4']",['summary_5']
97,"['summary_1', 'summary_2', 'summary_3', 'summary_4', 'summary_5']",[],"['summary_1', 'summary_2', 'summary_3', 'summary_4', 'summary_5']",[],"['summary_1', 'summary_2', 'summary_3', 'summary_4', 'summary_5']",[],"['summary_1', 'summary_2', 'summary_3', 'summary_4', 'summary_5']",[],"['summary_1', 'summary_2', 'summary_3', 'summary_4', 'summary_5']",[]
98,"['summary_1', 'summary_2', 'summary_3', 'summary_4', 'summary_5']",[],"['summary_1', 'summary_2', 'summary_3', 'summary_4', 'summary_5']",[],"['summary_1', 'summary_2', 'summary_3', 'summary_5']",['summary_4'],"['summary_1', 'summary_2', 'summary_3', 'summary_4', 'summary_5']",[],"['summary_1', 'summary_2', 'summary_3', 'summary_4', 'summary_5']",[]
99,"['summary_1', 'summary_3', 'summary_4', 'summary_5']",['summary_2'],"['summary_1', 'summary_2', 'summary_3', 'summary_4', 'summary_5']",[],"['summary_1', 'summary_3', 'summary_4', 'summary_5']",['summary_2'],"['summary_1', 'summary_2', 'summary_3', 'summary_4', 'summary_5']",[],"['summary_1', 'summary_2', 'summary_3', 'summary_4', 'summary_5']",[]
100,"['summary_1', 'summary_2', 'summary_3', 'summary_4', 'summary_5']",[],"['summary_1', 'summary_2', 'summary_3', 'summary_4', 'summary_5']",[],"['summary_1', 'summary_2', 'summary_3', 'summary_4', 'summary_5']",[],"['summary_1', 'summary_2', 'summary_3', 'summary_4', 'summary_5']",[],"['summary_1', 'summary_2', 'summary_3', 'summary_4', 'summary_5']",[]
102,"['summary_3', 'summary_4', 'summary_5']","['summary_1', 'summary_2']","['summary_1', 'summary_3', 'summary_4', 'summary_5']",['summary_2'],"['summary_1', 'summary_2', 'summary_3', 'summary_4', 'summary_5']",[],"['summary_2', 'summary_3', 'summary_4', 'summary_5']",['summary_1'],"['summary_1', 'summary_3', 'summary_4', 'summary_5']",['summary_2']
103,"['summary_2', 'summary_3', 'summary_4']","['summary_1', 'summary_5']","['summary_3', 'summary_4']","['summary_1', 'summary_2', 'summary_5']","['summary_1', 'summary_2', 'summary_3', 'summary_4', 'summary_5']",[],"['summary_1', 'summary_2', 'summary_3', 'summary_4', 'summary_5']",[],"['summary_3', 'summary_4']","['summary_1', 'summary_2', 'summary_5']"
104,"['summary_1', 'summary_2', 'summary_3', 'summary_4', 'summary_5']",[],"['summary_1', 'summary_2', 'summary_3', 'summary_4', 'summary_5']",[],"['summary_1', 'summary_2', 'summary_3', 'summary_4', 'summary_5']",[],"['summary_1', 'summary_2', 'summary_3', 'summary_4', 'summary_5']",[],"['summary_1', 'summary_2', 'summary_3', 'summary_4', 'summary_5']",[]
107,"['summary_3', 'summary_4', 'summary_5']","['summary_1', 'summary_2']","['summary_2', 'summary_3', 'summary_4', 'summary_5']",['summary_1'],"['summary_3', 'summary_4', 'summary_5']","['summary_1', 'summary_2']","['summary_1', 'summary_3', 'summary_4', 'summary_5']",['summary_2'],"['summary_2', 'summary_3', 'summary_4']","['summary_1', 'summary_5']"
109,"['summary_1', 'summary_2', 'summary_3', 'summary_4', 'summary_5']",[],"['summary_1', 'summary_2', 'summary_3', 'summary_4', 'summary_5']",[],"['summary_1', 'summary_2', 'summary_3', 'summary_4', 'summary_5']",[],"['summary_1', 'summary_2', 'summary_3', 'summary_4', 'summary_5']",[],"['summary_1', 'summary_2', 'summary_3', 'summary_4', 'summary_5']",[]
111,"['summary_2', 'summary_5']","['summary_1', 'summary_3', 'summary_4']","['summary_1', 'summary_3', 'summary_4', 'summary_5']",['summary_2'],"['summary_1', 'summary_2', 'summary_3', 'summary_4', 'summary_5']",[],"['summary_1', 'summary_2', 'summary_3', 'summary_4', 'summary_5']",[],"['summary_4', 'summary_5']","['summary_1', 'summary_2', 'summary_3']"
112,"['summary_1', 'summary_3', 'summary_4']","['summary_2', 'summary_5']","['summary_1', 'summary_2', 'summary_3', 'summary_4', 'summary_5']",[],"['summary_1', 'summary_4']","['summary_2', 'summary_3', 'summary_5']","['summary_1', 'summary_3', 'summary_4', 'summary_5']",['summary_2'],"['summary_1', 'summary_3', 'summary_4']","['summary_2', 'summary_5']"
113,"['summary_1', 'summary_2', 'summary_4', 'summary_5']",['summary_3'],"['summary_1', 'summary_2', 'summary_3', 'summary_4', 'summary_5']",[],"['summary_1', 'summary_2', 'summary_4', 'summary_5']",['summary_3'],"['summary_1', 'summary_2', 'summary_4', 'summary_5']",['summary_3'],"['summary_1', 'summary_2', 'summary_4', 'summary_5']",['summary_3']
114,"['summary_1', 'summary_2', 'summary_3', 'summary_4', 'summary_5']",[],"['summary_1', 'summary_2', 'summary_3', 'summary_4', 'summary_5']",[],"['summary_1', 'summary_2', 'summary_3', 'summary_4']",['summary_5'],"['summary_1', 'summary_2', 'summary_3', 'summary_4', 'summary_5']",[],"['summary_1', 'summary_2', 'summary_3', 'summary_4', 'summary_5']",[]
115,"['summary_1', 'summary_2', 'summary_3', 'summary_4', 'summary_5']",[],"['summary_1', 'summary_2', 'summary_3', 'summary_4', 'summary_5']",[],"['summary_1', 'summary_2', 'summary_3', 'summary_4', 'summary_5']",[],"['summary_1', 'summary_2', 'summary_3', 'summary_4', 'summary_5']",[],"['summary_1', 'summary_3', 'summary_5']","['summary_2', 'summary_4']"
116,['summary_3'],"['summary_1', 'summary_2', 'summary_4', 'summary_5']","['summary_2', 'summary_3', 'summary_5']","['summary_1', 'summary_4']","['summary_2', 'summary_3', 'summary_4']","['summary_1', 'summary_5']","['summary_1', 'summary_3']","['summary_2', 'summary_4', 'summary_5']","['summary_1', 'summary_4']","['summary_2', 'summary_3', 'summary_5']"
117,"['summary_1', 'summary_3', 'summary_4', 'summary_5']",['summary_2'],"['summary_1', 'summary_2', 'summary_3', 'summary_4']",['summary_5'],"['summary_1', 'summary_3', 'summary_4', 'summary_5']",['summary_2'],"['summary_1', 'summary_2', 'summary_3', 'summary_4', 'summary_5']",[],"['summary_1', 'summary_3', 'summary_4', 'summary_5']",['summary_2']
118,"['summary_1', 'summary_2', 'summary_3', 'summary_4', 'summary_5']",[],"['summary_1', 'summary_3', 'summary_4', 'summary_5']",['summary_2'],"['summary_1', 'summary_2', 'summary_3', 'summary_4', 'summary_5']",[],"['summary_1', 'summary_2', 'summary_3', 'summary_4', 'summary_5']",[],"['summary_2', 'summary_3', 'summary_4', 'summary_5']",['summary_1']
119,"['summary_1', 'summary_3', 'summary_5']","['summary_2', 'summary_4']","['summary_1', 'summary_2', 'summary_3', 'summary_5']",['summary_4'],"['summary_1', 'summary_3', 'summary_5']","['summary_2', 'summary_4']","['summary_1', 'summary_3']","['summary_2', 'summary_4', 'summary_5']","['summary_1', 'summary_3', 'summary_5']","['summary_2', 'summary_4']"
120,"['summary_1', 'summary_2', 'summary_3', 'summary_4', 'summary_5']",[],"['summary_1', 'summary_2', 'summary_3', 'summary_4', 'summary_5']",[],"['summary_1', 'summary_2', 'summary_3', 'summary_4', 'summary_5']",[],"['summary_1', 'summary_2', 'summary_3', 'summary_4', 'summary_5']",[],"['summary_1', 'summary_2', 'summary_3', 'summary_4', 'summary_5']",[]
121,"['summary_1', 'summary_2', 'summary_3', 'summary_4', 'summary_5']",[],"['summary_1', 'summary_2', 'summary_3', 'summary_4', 'summary_5']",[],"['summary_1', 'summary_2', 'summary_3', 'summary_4', 'summary_5']",[],"['summary_1', 'summary_2', 'summary_3', 'summary_4', 'summary_5']",[],"['summary_1', 'summary_2', 'summary_3', 'summary_4', 'summary_5']",[]
122,"['summary_1', 'summary_3', 'summary_4', 'summary_5']",['summary_2'],"['summary_1', 'summary_3', 'summary_4', 'summary_5']",['summary_2'],"['summary_1', 'summary_2', 'summary_3', 'summary_4', 'summary_5']",[],"['summary_1', 'summary_3', 'summary_4', 'summary_5']",['summary_2'],"['summary_1', 'summary_2', 'summary_3', 'summary_4', 'summary_5']",[]
123,"['summary_1', 'summary_2', 'summary_4']","['summary_3', 'summary_5']","['summary_1', 'summary_2', 'summary_4']","['summary_3', 'summary_5']","['summary_1', 'summary_2', 'summary_3', 'summary_4', 'summary_5']",[],"['summary_1', 'summary_2', 'summary_3', 'summary_4', 'summary_5']",[],"['summary_1', 'summary_2', 'summary_3', 'summary_4', 'summary_5']",[]
124,"['summary_1', 'summary_2', 'summary_3', 'summary_4', 'summary_5']",[],"['summary_1', 'summary_2', 'summary_3', 'summary_4', 'summary_5']",[],"['summary_1', 'summary_2', 'summary_3', 'summary_4', 'summary_5']",[],"['summary_1', 'summary_2', 'summary_3', 'summary_4', 'summary_5']",[],"['summary_1', 'summary_2', 'summary_3', 'summary_4', 'summary_5']",[]
125,"['summary_1', 'summary_2', 'summary_3', 'summary_4', 'summary_5']",[],"['summary_1', 'summary_2', 'summary_3', 'summary_4', 'summary_5']",[],"['summary_1', 'summary_2', 'summary_3', 'summary_4', 'summary_5']",[],"['summary_1', 'summary_2', 'summary_3', 'summary_4', 'summary_5']",[],"['summary_1', 'summary_2', 'summary_3', 'summary_4', 'summary_5']",[]
126,"['summary_2', 'summary_3']","['summary_1', 'summary_4', 'summary_5']",[],"['summary_1', 'summary_2', 'summary_3', 'summary_4', 'summary_5']","['summary_1', 'summary_2', 'summary_3', 'summary_4', 'summary_5']",[],"['summary_2', 'summary_3', 'summary_4']","['summary_1', 'summary_5']","['summary_2', 'summary_3']","['summary_1', 'summary_4', 'summary_5']"
127,"['summary_1', 'summary_2', 'summary_3', 'summary_4', 'summary_5']",[],"['summary_1', 'summary_2', 'summary_3', 'summary_4', 'summary_5']",[],"['summary_1', 'summary_2', 'summary_3', 'summary_4', 'summary_5']",[],"['summary_1', 'summary_2', 'summary_3', 'summary_4', 'summary_5']",[],"['summary_1', 'summary_2', 'summary_3', 'summary_4', 'summary_5']",[]
128,"['summary_3', 'summary_4', 'summary_5']","['summary_1', 'summary_2']","['summary_1', 'summary_3', 'summary_5']","['summary_2', 'summary_4']","['summary_2', 'summary_3', 'summary_4', 'summary_5']",['summary_1'],"['summary_2', 'summary_3', 'summary_4', 'summary_5']",['summary_1'],"['summary_3', 'summary_4']","['summary_1', 'summary_2', 'summary_5']"
129,"['summary_2', 'summary_3', 'summary_4', 'summary_5']",['summary_1'],"['summary_1', 'summary_2', 'summary_3', 'summary_4', 'summary_5']",[],"['summary_1', 'summary_2', 'summary_3', 'summary_4', 'summary_5']",[],"['summary_1', 'summary_2', 'summary_3', 'summary_4', 'summary_5']",[],"['summary_2', 'summary_5']","['summary_1', 'summary_3', 'summary_4']"
130,"['summary_1', 'summary_2', 'summary_3', 'summary_4', 'summary_5']",[],"['summary_1', 'summary_2', 'summary_3', 'summary_4', 'summary_5']",[],"['summary_1', 'summary_2', 'summary_3', 'summary_4', 'summary_5']",[],"['summary_1', 'summary_2', 'summary_3', 'summary_4', 'summary_5']",[],"['summary_1', 'summary_2', 'summary_3', 'summary_4', 'summary_5']",[]
131,"['summary_1', 'summary_2', 'summary_3', 'summary_4']",['summary_5'],"['summary_1', 'summary_2', 'summary_3', 'summary_4', 'summary_5']",[],"['summary_1', 'summary_2', 'summary_3', 'summary_4', 'summary_5']",[],"['summary_1', 'summary_2', 'summary_3', 'summary_4', 'summary_5']",[],"['summary_1', 'summary_2', 'summary_3', 'summary_4', 'summary_5']",[]
132,"['summary_2', 'summary_4', 'summary_5']","['summary_1', 'summary_3']","['summary_2', 'summary_4', 'summary_5']","['summary_1', 'summary_3']","['summary_2', 'summary_4', 'summary_5']","['summary_1', 'summary_3']","['summary_1', 'summary_2', 'summary_4', 'summary_5']",['summary_3'],"['summary_1', 'summary_2', 'summary_4', 'summary_5']",['summary_3']
133,"['summary_1', 'summary_2', 'summary_3', 'summary_4', 'summary_5']",[],"['summary_1', 'summary_2', 'summary_4', 'summary_5']",['summary_3'],"['summary_1', 'summary_2', 'summary_3', 'summary_4', 'summary_5']",[],"['summary_2', 'summary_3', 'summary_4', 'summary_5']",['summary_1'],"['summary_1', 'summary_2', 'summary_3', 'summary_4', 'summary_5']",[]
134,"['summary_1', 'summary_3', 'summary_4', 'summary_5']",['summary_2'],"['summary_1', 'summary_3', 'summary_4', 'summary_5']",['summary_2'],"['summary_1', 'summary_3', 'summary_4', 'summary_5']",['summary_2'],"['summary_1', 'summary_2', 'summary_3', 'summary_4', 'summary_5']",[],"['summary_1', 'summary_2', 'summary_3', 'summary_4', 'summary_5']",[]
135,"['summary_1', 'summary_2', 'summary_3', 'summary_4', 'summary_5']",[],"['summary_1', 'summary_2', 'summary_3', 'summary_4', 'summary_5']",[],"['summary_1', 'summary_2', 'summary_3', 'summary_4']",['summary_5'],"['summary_1', 'summary_2', 'summary_3', 'summary_4', 'summary_5']",[],"['summary_1', 'summary_2', 'summary_3', 'summary_5']",['summary_4']
136,"['summary_1', 'summary_2', 'summary_3', 'summary_4', 'summary_5']",[],"['summary_1', 'summary_2', 'summary_3', 'summary_4', 'summary_5']",[],"['summary_1', 'summary_2', 'summary_3', 'summary_4', 'summary_5']",[],"['summary_1', 'summary_2', 'summary_3', 'summary_4', 'summary_5']",[],"['summary_1', 'summary_2', 'summary_3', 'summary_4', 'summary_5']",[]
138,"['summary_1', 'summary_5']","['summary_2', 'summary_3', 'summary_4']","['summary_1', 'summary_5']","['summary_2', 'summary_3', 'summary_4']","['summary_1', 'summary_2', 'summary_3', 'summary_4', 'summary_5']",[],"['summary_1', 'summary_2', 'summary_3', 'summary_4', 'summary_5']",[],"['summary_1', 'summary_3', 'summary_5']","['summary_2', 'summary_4']"
139,"['summary_1', 'summary_2', 'summary_3', 'summary_4', 'summary_5']",[],"['summary_1', 'summary_2', 'summary_5']","['summary_3', 'summary_4']","['summary_1', 'summary_2', 'summary_3', 'summary_5']",['summary_4'],"['summary_1', 'summary_2', 'summary_3', 'summary_4', 'summary_5']",[],"['summary_1', 'summary_2', 'summary_3', 'summary_4', 'summary_5']",[]
140,"['summary_1', 'summary_2', 'summary_3', 'summary_4']",['summary_5'],"['summary_1', 'summary_2', 'summary_3', 'summary_4']",['summary_5'],"['summary_1', 'summary_2', 'summary_3', 'summary_4']",['summary_5'],"['summary_1', 'summary_2', 'summary_3', 'summary_4']",['summary_5'],"['summary_1', 'summary_2', 'summary_3', 'summary_4']",['summary_5']
141,"['summary_1', 'summary_2', 'summary_3', 'summary_4', 'summary_5']",[],"['summary_1', 'summary_2', 'summary_3', 'summary_4', 'summary_5']",[],"['summary_1', 'summary_2', 'summary_3', 'summary_4', 'summary_5']",[],"['summary_1', 'summary_2', 'summary_3', 'summary_4', 'summary_5']",[],"['summary_1', 'summary_2', 'summary_3', 'summary_4', 'summary_5']",[]
143,"['summary_1', 'summary_2', 'summary_3', 'summary_4', 'summary_5']",[],"['summary_1', 'summary_2', 'summary_3', 'summary_5']",['summary_4'],"['summary_1', 'summary_2', 'summary_3', 'summary_4', 'summary_5']",[],"['summary_1', 'summary_2', 'summary_3', 'summary_4', 'summary_5']",[],"['summary_1', 'summary_2', 'summary_3', 'summary_4', 'summary_5']",[]
144,"['summary_1', 'summary_3', 'summary_4', 'summary_5']",['summary_2'],"['summary_1', 'summary_3', 'summary_4', 'summary_5']",['summary_2'],"['summary_1', 'summary_2', 'summary_3', 'summary_4', 'summary_5']",[],"['summary_1', 'summary_2', 'summary_3', 'summary_4', 'summary_5']",[],"['summary_1', 'summary_2', 'summary_3', 'summary_4', 'summary_5']",[]
145,"['summary_1', 'summary_4']","['summary_2', 'summary_3', 'summary_5']","['summary_1', 'summary_4']","['summary_2', 'summary_3', 'summary_5']","['summary_1', 'summary_2', 'summary_4']","['summary_3', 'summary_5']","['summary_1', 'summary_2', 'summary_4']","['summary_3', 'summary_5']","['summary_1', 'summary_4']","['summary_2', 'summary_3', 'summary_5']"
146,"['summary_1', 'summary_2', 'summary_3', 'summary_4', 'summary_5']",[],"['summary_1', 'summary_2', 'summary_3', 'summary_4', 'summary_5']",[],"['summary_1', 'summary_2', 'summary_3', 'summary_4', 'summary_5']",[],"['summary_1', 'summary_2', 'summary_3', 'summary_4', 'summary_5']",[],"['summary_1', 'summary_2', 'summary_3', 'summary_4', 'summary_5']",[]
147,"['summary_1', 'summary_2', 'summary_3', 'summary_4', 'summary_5']",[],"['summary_1', 'summary_2', 'summary_3', 'summary_4', 'summary_5']",[],"['summary_1', 'summary_2', 'summary_3', 'summary_4', 'summary_5']",[],"['summary_1', 'summary_2', 'summary_3', 'summary_4', 'summary_5']",[],"['summary_1', 'summary_2', 'summary_3', 'summary_4', 'summary_5']",[]
148,['summary_1'],"['summary_2', 'summary_3', 'summary_4', 'summary_5']",['summary_5'],"['summary_1', 'summary_2', 'summary_3', 'summary_4']","['summary_1', 'summary_5']","['summary_2', 'summary_3', 'summary_4']","['summary_1', 'summary_2', 'summary_3', 'summary_5']",['summary_4'],['summary_1'],"['summary_2', 'summary_3', 'summary_4', 'summary_5']"
149,"['summary_2', 'summary_3']","['summary_1', 'summary_4', 'summary_5']","['summary_2', 'summary_3']","['summary_1', 'summary_4', 'summary_5']","['summary_2', 'summary_3']","['summary_1', 'summary_4', 'summary_5']","['summary_2', 'summary_3']","['summary_1', 'summary_4', 'summary_5']","['summary_2', 'summary_3']","['summary_1', 'summary_4', 'summary_5']"
150,"['summary_1', 'summary_3', 'summary_4', 'summary_5']",['summary_2'],"['summary_1', 'summary_3', 'summary_4', 'summary_5']",['summary_2'],"['summary_1', 'summary_3', 'summary_4', 'summary_5']",['summary_2'],"['summary_1', 'summary_3', 'summary_4', 'summary_5']",['summary_2'],"['summary_1', 'summary_4', 'summary_5']","['summary_2', 'summary_3']"
151,"['summary_2', 'summary_3', 'summary_4']","['summary_1', 'summary_5']","['summary_2', 'summary_3', 'summary_4']","['summary_1', 'summary_5']",[],"['summary_1', 'summary_2', 'summary_3', 'summary_4', 'summary_5']","['summary_1', 'summary_2', 'summary_3', 'summary_4', 'summary_5']",[],"['summary_2', 'summary_3', 'summary_4', 'summary_5']",['summary_1']
152,"['summary_1', 'summary_2', 'summary_3', 'summary_4', 'summary_5']",[],"['summary_1', 'summary_2', 'summary_3', 'summary_4', 'summary_5']",[],"['summary_1', 'summary_2', 'summary_3', 'summary_4', 'summary_5']",[],"['summary_1', 'summary_2', 'summary_3', 'summary_4', 'summary_5']",[],"['summary_1', 'summary_2', 'summary_3', 'summary_4', 'summary_5']",[]
153,"['summary_1', 'summary_2', 'summary_3', 'summary_4', 'summary_5']",[],"['summary_1', 'summary_2', 'summary_3', 'summary_4', 'summary_5']",[],"['summary_2', 'summary_3', 'summary_5']","['summary_1', 'summary_4']","['summary_1', 'summary_2', 'summary_3', 'summary_4', 'summary_5']",[],"['summary_3', 'summary_4']","['summary_1', 'summary_2', 'summary_5']"
154,"['summary_1', 'summary_2', 'summary_3', 'summary_4', 'summary_5']",[],"['summary_1', 'summary_2', 'summary_3', 'summary_4', 'summary_5']",[],"['summary_1', 'summary_2', 'summary_3', 'summary_4', 'summary_5']",[],"['summary_1', 'summary_2', 'summary_3', 'summary_4', 'summary_5']",[],"['summary_3', 'summary_4', 'summary_5']","['summary_1', 'summary_2']"
155,"['summary_1', 'summary_2', 'summary_3', 'summary_4', 'summary_5']",[],"['summary_1', 'summary_2', 'summary_3', 'summary_4', 'summary_5']",[],"['summary_1', 'summary_2', 'summary_3', 'summary_4', 'summary_5']",[],"['summary_1', 'summary_2', 'summary_3', 'summary_4', 'summary_5']",[],"['summary_1', 'summary_2', 'summary_3', 'summary_4', 'summary_5']",[]
156,"['summary_1', 'summary_2', 'summary_3', 'summary_4']",['summary_5'],"['summary_1', 'summary_2', 'summary_3']","['summary_4', 'summary_5']","['summary_1', 'summary_3', 'summary_4', 'summary_5']",['summary_2'],"['summary_1', 'summary_2', 'summary_3', 'summary_4']",['summary_5'],"['summary_1', 'summary_2', 'summary_3', 'summary_4']",['summary_5']
157,"['summary_1', 'summary_2', 'summary_3', 'summary_4', 'summary_5']",[],"['summary_1', 'summary_3']","['summary_2', 'summary_4', 'summary_5']","['summary_1', 'summary_2', 'summary_3', 'summary_4', 'summary_5']",[],"['summary_1', 'summary_2', 'summary_3', 'summary_4', 'summary_5']",[],"['summary_1', 'summary_2', 'summary_3', 'summary_4', 'summary_5']",[]
159,"['summary_1', 'summary_2', 'summary_3', 'summary_4', 'summary_5']",[],"['summary_1', 'summary_2', 'summary_3', 'summary_4', 'summary_5']",[],"['summary_1', 'summary_2', 'summary_3', 'summary_4', 'summary_5']",[],"['summary_1', 'summary_2', 'summary_3', 'summary_4', 'summary_5']",[],"['summary_1', 'summary_2', 'summary_3', 'summary_4', 'summary_5']",[]
160,"['summary_1', 'summary_2', 'summary_3', 'summary_4']",['summary_5'],"['summary_2', 'summary_3', 'summary_4']","['summary_1', 'summary_5']","['summary_1', 'summary_2', 'summary_3', 'summary_4', 'summary_5']",[],"['summary_1', 'summary_2', 'summary_3', 'summary_4']",['summary_5'],"['summary_1', 'summary_2', 'summary_3', 'summary_4']",['summary_5']
161,"['summary_2', 'summary_4']","['summary_1', 'summary_3', 'summary_5']",['summary_2'],"['summary_1', 'summary_3', 'summary_4', 'summary_5']","['summary_1', 'summary_2', 'summary_4']","['summary_3', 'summary_5']","['summary_2', 'summary_4']","['summary_1', 'summary_3', 'summary_5']","['summary_2', 'summary_4']","['summary_1', 'summary_3', 'summary_5']"
162,"['summary_1', 'summary_2', 'summary_3', 'summary_4', 'summary_5']",[],"['summary_1', 'summary_2', 'summary_3', 'summary_4', 'summary_5']",[],"['summary_1', 'summary_2', 'summary_3', 'summary_4', 'summary_5']",[],"['summary_1', 'summary_2', 'summary_3', 'summary_4', 'summary_5']",[],"['summary_1', 'summary_2', 'summary_3', 'summary_4', 'summary_5']",[]
163,"['summary_1', 'summary_2', 'summary_3', 'summary_4', 'summary_5']",[],"['summary_1', 'summary_2', 'summary_3', 'summary_4', 'summary_5']",[],"['summary_1', 'summary_2', 'summary_3', 'summary_4', 'summary_5']",[],"['summary_1', 'summary_2', 'summary_3', 'summary_4', 'summary_5']",[],"['summary_1', 'summary_2', 'summary_3', 'summary_4', 'summary_5']",[]
164,"['summary_1', 'summary_3', 'summary_4', 'summary_5']",['summary_2'],"['summary_1', 'summary_3', 'summary_4', 'summary_5']",['summary_2'],"['summary_1', 'summary_2', 'summary_3', 'summary_4', 'summary_5']",[],"['summary_1', 'summary_2', 'summary_3', 'summary_4', 'summary_5']",[],"['summary_1', 'summary_3', 'summary_4', 'summary_5']",['summary_2']
165,"['summary_1', 'summary_2', 'summary_4', 'summary_5']",['summary_3'],"['summary_2', 'summary_4']","['summary_1', 'summary_3', 'summary_5']","['summary_1', 'summary_2', 'summary_4', 'summary_5']",['summary_3'],"['summary_1', 'summary_2', 'summary_3', 'summary_4', 'summary_5']",[],"['summary_1', 'summary_2', 'summary_3', 'summary_4', 'summary_5']",[]
166,"['summary_1', 'summary_2', 'summary_3', 'summary_4', 'summary_5']",[],"['summary_2', 'summary_3', 'summary_4', 'summary_5']",['summary_1'],"['summary_1', 'summary_2', 'summary_3', 'summary_4', 'summary_5']",[],"['summary_1', 'summary_2', 'summary_3', 'summary_4', 'summary_5']",[],"['summary_1', 'summary_2', 'summary_3', 'summary_4', 'summary_5']",[]
167,"['summary_1', 'summary_2', 'summary_3', 'summary_4', 'summary_5']",[],"['summary_1', 'summary_2', 'summary_3', 'summary_4', 'summary_5']",[],"['summary_1', 'summary_2', 'summary_3', 'summary_4', 'summary_5']",[],"['summary_1', 'summary_2', 'summary_3', 'summary_4', 'summary_5']",[],"['summary_2', 'summary_4', 'summary_5']","['summary_1', 'summary_3']"
168,"['summary_1', 'summary_4', 'summary_5']","['summary_2', 'summary_3']","['summary_2', 'summary_3', 'summary_5']","['summary_1', 'summary_4']","['summary_1', 'summary_4', 'summary_5']","['summary_2', 'summary_3']","['summary_1', 'summary_2', 'summary_4', 'summary_5']",['summary_3'],"['summary_1', 'summary_3', 'summary_4', 'summary_5']",['summary_2']
170,"['summary_2', 'summary_3', 'summary_4', 'summary_5']",['summary_1'],"['summary_2', 'summary_3', 'summary_4', 'summary_5']",['summary_1'],"['summary_1', 'summary_2', 'summary_3', 'summary_4', 'summary_5']",[],"['summary_1', 'summary_2', 'summary_3', 'summary_4', 'summary_5']",[],"['summary_1', 'summary_2', 'summary_3', 'summary_4', 'summary_5']",[]
171,"['summary_1', 'summary_2', 'summary_3', 'summary_4', 'summary_5']",[],"['summary_1', 'summary_2', 'summary_3', 'summary_4', 'summary_5']",[],"['summary_1', 'summary_2', 'summary_3', 'summary_4', 'summary_5']",[],"['summary_1', 'summary_2', 'summary_3', 'summary_4', 'summary_5']",[],"['summary_1', 'summary_2', 'summary_3', 'summary_4']",['summary_5']
172,"['summary_1', 'summary_2', 'summary_3', 'summary_4', 'summary_5']",[],"['summary_1', 'summary_2', 'summary_3', 'summary_4', 'summary_5']",[],"['summary_1', 'summary_2', 'summary_3', 'summary_4', 'summary_5']",[],"['summary_1', 'summary_2', 'summary_3', 'summary_4', 'summary_5']",[],"['summary_1', 'summary_2', 'summary_3', 'summary_4', 'summary_5']",[]
174,"['summary_1', 'summary_2', 'summary_3', 'summary_5']",['summary_4'],"['summary_1', 'summary_2', 'summary_3', 'summary_4', 'summary_5']",[],"['summary_1', 'summary_2', 'summary_3', 'summary_5']",['summary_4'],"['summary_2', 'summary_3', 'summary_4', 'summary_5']",['summary_1'],"['summary_1', 'summary_2', 'summary_3', 'summary_4']",['summary_5']
176,"['summary_1', 'summary_2', 'summary_3', 'summary_4', 'summary_5']",[],"['summary_1', 'summary_2', 'summary_3', 'summary_4', 'summary_5']",[],"['summary_1', 'summary_2', 'summary_3', 'summary_4', 'summary_5']",[],"['summary_1', 'summary_2', 'summary_3', 'summary_4', 'summary_5']",[],"['summary_1', 'summary_2', 'summary_3', 'summary_5']",['summary_4']
177,"['summary_1', 'summary_2', 'summary_3', 'summary_4', 'summary_5']",[],"['summary_1', 'summary_5']","['summary_2', 'summary_3', 'summary_4']","['summary_2', 'summary_3', 'summary_4', 'summary_5']",['summary_1'],"['summary_1', 'summary_2', 'summary_3', 'summary_4', 'summary_5']",[],"['summary_1', 'summary_2', 'summary_3', 'summary_4', 'summary_5']",[]
179,"['summary_1', 'summary_2', 'summary_3', 'summary_4', 'summary_5']",[],"['summary_1', 'summary_2', 'summary_3', 'summary_4', 'summary_5']",[],"['summary_1', 'summary_2', 'summary_3', 'summary_4', 'summary_5']",[],"['summary_1', 'summary_2', 'summary_3', 'summary_4', 'summary_5']",[],"['summary_1', 'summary_2', 'summary_3', 'summary_4', 'summary_5']",[]
180,"['summary_1', 'summary_2', 'summary_3', 'summary_4', 'summary_5']",[],"['summary_1', 'summary_2', 'summary_3', 'summary_5']",['summary_4'],"['summary_1', 'summary_2', 'summary_3', 'summary_4', 'summary_5']",[],"['summary_1', 'summary_2', 'summary_3', 'summary_4', 'summary_5']",[],"['summary_1', 'summary_2', 'summary_3', 'summary_4', 'summary_5']",[]
181,"['summary_1', 'summary_2', 'summary_3', 'summary_4', 'summary_5']",[],"['summary_1', 'summary_2', 'summary_3', 'summary_4', 'summary_5']",[],"['summary_1', 'summary_2', 'summary_3', 'summary_4', 'summary_5']",[],"['summary_1', 'summary_2', 'summary_3', 'summary_4', 'summary_5']",[],"['summary_1', 'summary_2', 'summary_3', 'summary_4', 'summary_5']",[]
182,"['summary_1', 'summary_3', 'summary_4', 'summary_5']",['summary_2'],"['summary_1', 'summary_3', 'summary_4', 'summary_5']",['summary_2'],"['summary_1', 'summary_3', 'summary_4', 'summary_5']",['summary_2'],"['summary_1', 'summary_3', 'summary_4', 'summary_5']",['summary_2'],"['summary_1', 'summary_2', 'summary_5']","['summary_3', 'summary_4']"
183,"['summary_1', 'summary_2', 'summary_3', 'summary_4', 'summary_5']",[],"['summary_1', 'summary_2', 'summary_3', 'summary_4', 'summary_5']",[],"['summary_1', 'summary_2', 'summary_3', 'summary_4', 'summary_5']",[],"['summary_1', 'summary_2', 'summary_3', 'summary_4', 'summary_5']",[],"['summary_1', 'summary_2', 'summary_3', 'summary_4', 'summary_5']",[]
184,"['summary_1', 'summary_2', 'summary_3', 'summary_4', 'summary_5']",[],"['summary_1', 'summary_2', 'summary_3', 'summary_4', 'summary_5']",[],"['summary_1', 'summary_2', 'summary_3', 'summary_4', 'summary_5']",[],"['summary_1', 'summary_2', 'summary_3', 'summary_4', 'summary_5']",[],"['summary_1', 'summary_2', 'summary_3', 'summary_4', 'summary_5']",[]
185,"['summary_1', 'summary_2', 'summary_3', 'summary_4', 'summary_5']",[],"['summary_1', 'summary_2', 'summary_3', 'summary_4', 'summary_5']",[],"['summary_1', 'summary_3', 'summary_4', 'summary_5']",['summary_2'],"['summary_1', 'summary_2', 'summary_3', 'summary_4', 'summary_5']",[],"['summary_1', 'summary_3', 'summary_4', 'summary_5']",['summary_2']
187,"['summary_2', 'summary_4', 'summary_5']","['summary_1', 'summary_3']","['summary_1', 'summary_2', 'summary_4', 'summary_5']",['summary_3'],"['summary_4', 'summary_5']","['summary_1', 'summary_2', 'summary_3']","['summary_1', 'summary_2', 'summary_4', 'summary_5']",['summary_3'],"['summary_1', 'summary_2', 'summary_3', 'summary_4', 'summary_5']",[]
188,"['summary_1', 'summary_2', 'summary_3', 'summary_4', 'summary_5']",[],"['summary_1', 'summary_2', 'summary_3', 'summary_4', 'summary_5']",[],"['summary_1', 'summary_2', 'summary_3', 'summary_4', 'summary_5']",[],"['summary_1', 'summary_2', 'summary_3', 'summary_4', 'summary_5']",[],"['summary_1', 'summary_2', 'summary_3', 'summary_4', 'summary_5']",[]
190,"['summary_1', 'summary_2', 'summary_3', 'summary_4', 'summary_5']",[],"['summary_1', 'summary_2', 'summary_3', 'summary_4', 'summary_5']",[],"['summary_1', 'summary_2', 'summary_3', 'summary_4', 'summary_5']",[],"['summary_1', 'summary_2', 'summary_3', 'summary_4', 'summary_5']",[],"['summary_1', 'summary_2', 'summary_3', 'summary_4', 'summary_5']",[]
191,"['summary_1', 'summary_2', 'summary_3', 'summary_4', 'summary_5']",[],"['summary_1', 'summary_2', 'summary_3', 'summary_4', 'summary_5']",[],"['summary_1', 'summary_2', 'summary_3', 'summary_4', 'summary_5']",[],"['summary_1', 'summary_2', 'summary_3', 'summary_4', 'summary_5']",[],"['summary_1', 'summary_2', 'summary_3', 'summary_4', 'summary_5']",[]
192,"['summary_1', 'summary_2', 'summary_4', 'summary_5']",['summary_3'],"['summary_1', 'summary_2', 'summary_3', 'summary_4', 'summary_5']",[],"['summary_1', 'summary_2', 'summary_4', 'summary_5']",['summary_3'],"['summary_1', 'summary_2', 'summary_3', 'summary_4', 'summary_5']",[],"['summary_1', 'summary_2', 'summary_4', 'summary_5']",['summary_3']
194,"['summary_2', 'summary_3', 'summary_4', 'summary_5']",['summary_1'],"['summary_1', 'summary_2', 'summary_3', 'summary_4', 'summary_5']",[],"['summary_2', 'summary_3', 'summary_4', 'summary_5']",['summary_1'],"['summary_1', 'summary_2', 'summary_3', 'summary_4', 'summary_5']",[],"['summary_2', 'summary_3', 'summary_4', 'summary_5']",['summary_1']
195,"['summary_1', 'summary_2', 'summary_3', 'summary_4', 'summary_5']",[],"['summary_1', 'summary_2', 'summary_3', 'summary_4', 'summary_5']",[],"['summary_1', 'summary_2', 'summary_3', 'summary_4', 'summary_5']",[],"['summary_1', 'summary_2', 'summary_3', 'summary_4', 'summary_5']",[],"['summary_1', 'summary_2', 'summary_3', 'summary_4', 'summary_5']",[]
197,"['summary_1', 'summary_2', 'summary_3', 'summary_4']",['summary_5'],"['summary_1', 'summary_2', 'summary_3', 'summary_4']",['summary_5'],"['summary_1', 'summary_2', 'summary_3', 'summary_4']",['summary_5'],"['summary_1', 'summary_2', 'summary_3', 'summary_4']",['summary_5'],"['summary_1', 'summary_2', 'summary_3', 'summary_4']",['summary_5']
198,"['summary_1', 'summary_2', 'summary_3', 'summary_4', 'summary_5']",[],"['summary_1', 'summary_2', 'summary_3', 'summary_4', 'summary_5']",[],"['summary_1', 'summary_2', 'summary_3', 'summary_4', 'summary_5']",[],"['summary_1', 'summary_2', 'summary_3', 'summary_4', 'summary_5']",[],"['summary_1', 'summary_2', 'summary_3', 'summary_4', 'summary_5']",[]
199,"['summary_1', 'summary_2', 'summary_3', 'summary_4', 'summary_5']",[],"['summary_1', 'summary_2', 'summary_3', 'summary_4', 'summary_5']",[],"['summary_1', 'summary_2', 'summary_3', 'summary_4', 'summary_5']",[],"['summary_1', 'summary_2', 'summary_3', 'summary_4', 'summary_5']",[],"['summary_1', 'summary_2', 'summary_3', 'summary_4', 'summary_5']",[]
201,"['summary_1', 'summary_2', 'summary_3', 'summary_4', 'summary_5']",[],"['summary_1', 'summary_2', 'summary_3', 'summary_4', 'summary_5']",[],"['summary_1', 'summary_2', 'summary_3', 'summary_4', 'summary_5']",[],"['summary_1', 'summary_2', 'summary_3', 'summary_4', 'summary_5']",[],"['summary_1', 'summary_2', 'summary_3', 'summary_4', 'summary_5']",[]
203,"['summary_3', 'summary_4', 'summary_5']","['summary_1', 'summary_2']","['summary_3', 'summary_4']","['summary_1', 'summary_2', 'summary_5']","['summary_1', 'summary_2', 'summary_3', 'summary_4', 'summary_5']",[],"['summary_3', 'summary_4', 'summary_5']","['summary_1', 'summary_2']","['summary_1', 'summary_2', 'summary_3', 'summary_4', 'summary_5']",[]
204,"['summary_1', 'summary_2', 'summary_3', 'summary_4', 'summary_5']",[],['summary_5'],"['summary_1', 'summary_2', 'summary_3', 'summary_4']","['summary_1', 'summary_2', 'summary_3', 'summary_4', 'summary_5']",[],"['summary_1', 'summary_2', 'summary_3', 'summary_4', 'summary_5']",[],"['summary_1', 'summary_2', 'summary_3', 'summary_4', 'summary_5']",[]
205,"['summary_2', 'summary_3', 'summary_4', 'summary_5']",['summary_1'],"['summary_2', 'summary_3', 'summary_4', 'summary_5']",['summary_1'],"['summary_1', 'summary_3', 'summary_4', 'summary_5']",['summary_2'],"['summary_2', 'summary_4', 'summary_5']","['summary_1', 'summary_3']","['summary_1', 'summary_3', 'summary_4', 'summary_5']",['summary_2']
206,"['summary_1', 'summary_2', 'summary_3', 'summary_4', 'summary_5']",[],"['summary_1', 'summary_2', 'summary_3', 'summary_4', 'summary_5']",[],"['summary_1', 'summary_2', 'summary_3', 'summary_4', 'summary_5']",[],"['summary_1', 'summary_2', 'summary_3', 'summary_4', 'summary_5']",[],"['summary_1', 'summary_2', 'summary_3', 'summary_4', 'summary_5']",[]
207,"['summary_1', 'summary_3', 'summary_4', 'summary_5']",['summary_2'],"['summary_1', 'summary_2', 'summary_3', 'summary_4', 'summary_5']",[],"['summary_1', 'summary_3', 'summary_4', 'summary_5']",['summary_2'],"['summary_1', 'summary_2', 'summary_3', 'summary_4', 'summary_5']",[],"['summary_1', 'summary_4', 'summary_5']","['summary_2', 'summary_3']"
208,"['summary_1', 'summary_2', 'summary_3', 'summary_4', 'summary_5']",[],"['summary_1', 'summary_2', 'summary_3', 'summary_4', 'summary_5']",[],"['summary_1', 'summary_2', 'summary_3', 'summary_4', 'summary_5']",[],"['summary_1', 'summary_2', 'summary_3', 'summary_4', 'summary_5']",[],"['summary_1', 'summary_2', 'summary_3', 'summary_4', 'summary_5']",[]
209,"['summary_1', 'summary_2', 'summary_3', 'summary_4', 'summary_5']",[],"['summary_1', 'summary_2', 'summary_3', 'summary_4', 'summary_5']",[],"['summary_1', 'summary_2', 'summary_3', 'summary_4', 'summary_5']",[],"['summary_1', 'summary_2', 'summary_3', 'summary_4', 'summary_5']",[],"['summary_1', 'summary_2', 'summary_3', 'summary_4', 'summary_5']",[]
211,"['summary_1', 'summary_2', 'summary_3', 'summary_4', 'summary_5']",[],"['summary_1', 'summary_2', 'summary_3', 'summary_4', 'summary_5']",[],"['summary_1', 'summary_2', 'summary_3', 'summary_5']",['summary_4'],"['summary_1', 'summary_3', 'summary_4']","['summary_2', 'summary_5']","['summary_1', 'summary_2', 'summary_3', 'summary_4', 'summary_5']",[]
212,"['summary_1', 'summary_2', 'summary_3', 'summary_5']",['summary_4'],"['summary_1', 'summary_2', 'summary_3', 'summary_5']",['summary_4'],"['summary_1', 'summary_2', 'summary_3', 'summary_4', 'summary_5']",[],"['summary_1', 'summary_2', 'summary_4', 'summary_5']",['summary_3'],"['summary_1', 'summary_3', 'summary_4']","['summary_2', 'summary_5']"
214,"['summary_1', 'summary_2', 'summary_3', 'summary_4', 'summary_5']",[],"['summary_1', 'summary_2', 'summary_3', 'summary_4', 'summary_5']",[],"['summary_1', 'summary_2', 'summary_3', 'summary_4', 'summary_5']",[],"['summary_1', 'summary_2', 'summary_3', 'summary_4', 'summary_5']",[],"['summary_1', 'summary_2', 'summary_3', 'summary_4', 'summary_5']",[]
215,"['summary_2', 'summary_3', 'summary_5']","['summary_1', 'summary_4']","['summary_1', 'summary_2', 'summary_3', 'summary_5']",['summary_4'],"['summary_1', 'summary_2', 'summary_3', 'summary_4', 'summary_5']",[],"['summary_2', 'summary_3', 'summary_5']","['summary_1', 'summary_4']","['summary_1', 'summary_2', 'summary_3', 'summary_4', 'summary_5']",[]
216,"['summary_2', 'summary_3', 'summary_4', 'summary_5']",['summary_1'],"['summary_3', 'summary_4', 'summary_5']","['summary_1', 'summary_2']","['summary_2', 'summary_3', 'summary_4', 'summary_5']",['summary_1'],"['summary_1', 'summary_2', 'summary_3', 'summary_4', 'summary_5']",[],"['summary_1', 'summary_2', 'summary_3', 'summary_4', 'summary_5']",[]
217,"['summary_1', 'summary_2', 'summary_3', 'summary_4', 'summary_5']",[],"['summary_1', 'summary_3', 'summary_4', 'summary_5']",['summary_2'],"['summary_1', 'summary_2', 'summary_5']","['summary_3', 'summary_4']","['summary_1', 'summary_2', 'summary_3', 'summary_4', 'summary_5']",[],"['summary_1', 'summary_2', 'summary_3', 'summary_4', 'summary_5']",[]
218,"['summary_1', 'summary_5']","['summary_2', 'summary_3', 'summary_4']","['summary_1', 'summary_3', 'summary_5']","['summary_2', 'summary_4']",['summary_1'],"['summary_2', 'summary_3', 'summary_4', 'summary_5']","['summary_1', 'summary_4', 'summary_5']","['summary_2', 'summary_3']","['summary_1', 'summary_2', 'summary_3', 'summary_4', 'summary_5']",[]
219,"['summary_1', 'summary_2', 'summary_3', 'summary_4']",['summary_5'],"['summary_1', 'summary_3', 'summary_4', 'summary_5']",['summary_2'],"['summary_1', 'summary_2', 'summary_3', 'summary_4']",['summary_5'],"['summary_1', 'summary_2', 'summary_4']","['summary_3', 'summary_5']","['summary_2', 'summary_3', 'summary_4']","['summary_1', 'summary_5']"
220,"['summary_1', 'summary_2', 'summary_3', 'summary_4', 'summary_5']",[],"['summary_1', 'summary_2', 'summary_3', 'summary_4', 'summary_5']",[],"['summary_1', 'summary_2', 'summary_4', 'summary_5']",['summary_3'],"['summary_1', 'summary_2', 'summary_3', 'summary_4', 'summary_5']",[],"['summary_1', 'summary_3', 'summary_4']","['summary_2', 'summary_5']"
221,"['summary_2', 'summary_3', 'summary_4']","['summary_1', 'summary_5']","['summary_1', 'summary_2', 'summary_3', 'summary_4']",['summary_5'],"['summary_1', 'summary_3', 'summary_4']","['summary_2', 'summary_5']","['summary_1', 'summary_2', 'summary_3', 'summary_4', 'summary_5']",[],"['summary_1', 'summary_2', 'summary_3', 'summary_4', 'summary_5']",[]
222,"['summary_1', 'summary_2', 'summary_3', 'summary_5']",['summary_4'],"['summary_1', 'summary_2', 'summary_3', 'summary_4', 'summary_5']",[],"['summary_1', 'summary_2', 'summary_3', 'summary_5']",['summary_4'],"['summary_1', 'summary_2', 'summary_3', 'summary_4', 'summary_5']",[],"['summary_1', 'summary_2', 'summary_3', 'summary_5']",['summary_4']
223,"['summary_1', 'summary_2', 'summary_3', 'summary_4', 'summary_5']",[],"['summary_1', 'summary_2', 'summary_3', 'summary_4', 'summary_5']",[],"['summary_1', 'summary_2', 'summary_3', 'summary_4', 'summary_5']",[],"['summary_1', 'summary_2', 'summary_3', 'summary_4', 'summary_5']",[],"['summary_1', 'summary_2', 'summary_3', 'summary_4', 'summary_5']",[]
224,"['summary_2', 'summary_3', 'summary_4', 'summary_5']",['summary_1'],"['summary_1', 'summary_2', 'summary_3', 'summary_4', 'summary_5']",[],"['summary_1', 'summary_2', 'summary_3', 'summary_4', 'summary_5']",[],"['summary_1', 'summary_2', 'summary_3', 'summary_4', 'summary_5']",[],"['summary_2', 'summary_3', 'summary_4', 'summary_5']",['summary_1']
225,"['summary_1', 'summary_2', 'summary_4', 'summary_5']",['summary_3'],"['summary_1', 'summary_2', 'summary_3', 'summary_4', 'summary_5']",[],"['summary_1', 'summary_2', 'summary_3', 'summary_4', 'summary_5']",[],"['summary_1', 'summary_2', 'summary_4', 'summary_5']",['summary_3'],"['summary_1', 'summary_2', 'summary_3', 'summary_4', 'summary_5']",[]
226,"['summary_1', 'summary_2', 'summary_3', 'summary_4', 'summary_5']",[],"['summary_1', 'summary_5']","['summary_2', 'summary_3', 'summary_4']","['summary_1', 'summary_2', 'summary_3', 'summary_4', 'summary_5']",[],"['summary_1', 'summary_2', 'summary_3', 'summary_4', 'summary_5']",[],"['summary_2', 'summary_3', 'summary_4', 'summary_5']",['summary_1']
227,"['summary_1', 'summary_2', 'summary_3', 'summary_4', 'summary_5']",[],"['summary_1', 'summary_2', 'summary_3', 'summary_4', 'summary_5']",[],"['summary_1', 'summary_2', 'summary_3', 'summary_4']",['summary_5'],"['summary_1', 'summary_2', 'summary_3', 'summary_4', 'summary_5']",[],"['summary_1', 'summary_3', 'summary_4', 'summary_5']",['summary_2']
228,"['summary_1', 'summary_2', 'summary_3', 'summary_4']",['summary_5'],"['summary_1', 'summary_2', 'summary_3', 'summary_4']",['summary_5'],"['summary_1', 'summary_2', 'summary_3', 'summary_4']",['summary_5'],"['summary_1', 'summary_2', 'summary_3', 'summary_4']",['summary_5'],"['summary_1', 'summary_2', 'summary_3', 'summary_4']",['summary_5']
229,[],"['summary_1', 'summary_2', 'summary_3', 'summary_4', 'summary_5']",['summary_3'],"['summary_1', 'summary_2', 'summary_4', 'summary_5']",[],"['summary_1', 'summary_2', 'summary_3', 'summary_4', 'summary_5']",[],"['summary_1', 'summary_2', 'summary_3', 'summary_4', 'summary_5']",[],"['summary_1', 'summary_2', 'summary_3', 'summary_4', 'summary_5']"
230,"['summary_2', 'summary_3', 'summary_4']","['summary_1', 'summary_5']","['summary_1', 'summary_2', 'summary_3', 'summary_4']",['summary_5'],['summary_2'],"['summary_1', 'summary_3', 'summary_4', 'summary_5']","['summary_2', 'summary_3', 'summary_4', 'summary_5']",['summary_1'],"['summary_3', 'summary_4']","['summary_1', 'summary_2', 'summary_5']"
231,['summary_4'],"['summary_1', 'summary_2', 'summary_3', 'summary_5']",['summary_4'],"['summary_1', 'summary_2', 'summary_3', 'summary_5']",['summary_1'],"['summary_2', 'summary_3', 'summary_4', 'summary_5']","['summary_2', 'summary_3', 'summary_4', 'summary_5']",['summary_1'],"['summary_3', 'summary_4', 'summary_5']","['summary_1', 'summary_2']"
233,"['summary_1', 'summary_2', 'summary_3', 'summary_4', 'summary_5']",[],"['summary_2', 'summary_3', 'summary_4', 'summary_5']",['summary_1'],"['summary_1', 'summary_2', 'summary_3', 'summary_4', 'summary_5']",[],"['summary_1', 'summary_2', 'summary_3', 'summary_4', 'summary_5']",[],"['summary_1', 'summary_2', 'summary_3', 'summary_5']",['summary_4']
234,"['summary_1', 'summary_2', 'summary_4', 'summary_5']",['summary_3'],"['summary_1', 'summary_2', 'summary_4', 'summary_5']",['summary_3'],"['summary_4', 'summary_5']","['summary_1', 'summary_2', 'summary_3']","['summary_1', 'summary_2', 'summary_3', 'summary_4', 'summary_5']",[],"['summary_1', 'summary_2', 'summary_4', 'summary_5']",['summary_3']
235,"['summary_1', 'summary_2', 'summary_3', 'summary_4', 'summary_5']",[],"['summary_1', 'summary_2', 'summary_3', 'summary_4', 'summary_5']",[],"['summary_1', 'summary_2', 'summary_3', 'summary_4', 'summary_5']",[],"['summary_1', 'summary_2', 'summary_3', 'summary_4', 'summary_5']",[],"['summary_1', 'summary_2', 'summary_3', 'summary_4', 'summary_5']",[]
236,"['summary_1', 'summary_2', 'summary_3', 'summary_5']",['summary_4'],"['summary_1', 'summary_2', 'summary_3', 'summary_5']",['summary_4'],"['summary_1', 'summary_2', 'summary_3', 'summary_5']",['summary_4'],"['summary_1', 'summary_2', 'summary_3', 'summary_5']",['summary_4'],"['summary_1', 'summary_2', 'summary_3', 'summary_5']",['summary_4']
237,"['summary_1', 'summary_2', 'summary_3', 'summary_4', 'summary_5']",[],"['summary_1', 'summary_2', 'summary_3', 'summary_4', 'summary_5']",[],"['summary_1', 'summary_2', 'summary_3', 'summary_4', 'summary_5']",[],"['summary_1', 'summary_2', 'summary_3', 'summary_4', 'summary_5']",[],"['summary_1', 'summary_2', 'summary_4', 'summary_5']",['summary_3']
238,"['summary_1', 'summary_2', 'summary_3', 'summary_4', 'summary_5']",[],"['summary_1', 'summary_2', 'summary_4', 'summary_5']",['summary_3'],"['summary_1', 'summary_2', 'summary_3', 'summary_5']",['summary_4'],"['summary_1', 'summary_2', 'summary_3', 'summary_4', 'summary_5']",[],"['summary_1', 'summary_2', 'summary_3', 'summary_4', 'summary_5']",[]
239,"['summary_1', 'summary_2', 'summary_3', 'summary_4']",['summary_5'],"['summary_1', 'summary_2', 'summary_3']","['summary_4', 'summary_5']","['summary_1', 'summary_2', 'summary_3', 'summary_4']",['summary_5'],"['summary_1', 'summary_2', 'summary_3', 'summary_4', 'summary_5']",[],"['summary_1', 'summary_2', 'summary_3', 'summary_4']",['summary_5']
240,"['summary_1', 'summary_2', 'summary_3', 'summary_4', 'summary_5']",[],"['summary_1', 'summary_2', 'summary_3', 'summary_4', 'summary_5']",[],"['summary_1', 'summary_2', 'summary_3', 'summary_4', 'summary_5']",[],"['summary_1', 'summary_2', 'summary_3', 'summary_4', 'summary_5']",[],"['summary_1', 'summary_2', 'summary_3', 'summary_4', 'summary_5']",[]
242,"['summary_2', 'summary_3', 'summary_4', 'summary_5']",['summary_1'],"['summary_2', 'summary_3', 'summary_4', 'summary_5']",['summary_1'],"['summary_1', 'summary_2', 'summary_3', 'summary_4', 'summary_5']",[],"['summary_2', 'summary_3', 'summary_4', 'summary_5']",['summary_1'],"['summary_2', 'summary_3', 'summary_4', 'summary_5']",['summary_1']
243,"['summary_2', 'summary_3']","['summary_1', 'summary_4', 'summary_5']",['summary_1'],"['summary_2', 'summary_3', 'summary_4', 'summary_5']","['summary_1', 'summary_2', 'summary_3', 'summary_4', 'summary_5']",[],"['summary_2', 'summary_3']","['summary_1', 'summary_4', 'summary_5']","['summary_2', 'summary_3']","['summary_1', 'summary_4', 'summary_5']"
244,"['summary_1', 'summary_2', 'summary_3', 'summary_4', 'summary_5']",[],"['summary_1', 'summary_2', 'summary_3', 'summary_4', 'summary_5']",[],"['summary_1', 'summary_2', 'summary_3', 'summary_4', 'summary_5']",[],"['summary_1', 'summary_2', 'summary_3', 'summary_4', 'summary_5']",[],"['summary_1', 'summary_2', 'summary_3', 'summary_4', 'summary_5']",[]
245,"['summary_1', 'summary_2', 'summary_4', 'summary_5']",['summary_3'],"['summary_2', 'summary_4', 'summary_5']","['summary_1', 'summary_3']","['summary_1', 'summary_2', 'summary_4', 'summary_5']",['summary_3'],"['summary_1', 'summary_2', 'summary_3', 'summary_4', 'summary_5']",[],"['summary_1', 'summary_2', 'summary_3', 'summary_4', 'summary_5']",[]
246,"['summary_2', 'summary_3', 'summary_4']","['summary_1', 'summary_5']","['summary_2', 'summary_5']","['summary_1', 'summary_3', 'summary_4']","['summary_2', 'summary_3', 'summary_4']","['summary_1', 'summary_5']","['summary_2', 'summary_4']","['summary_1', 'summary_3', 'summary_5']","['summary_1', 'summary_2', 'summary_3', 'summary_4']",['summary_5']
247,['summary_3'],"['summary_1', 'summary_2', 'summary_4', 'summary_5']",['summary_2'],"['summary_1', 'summary_3', 'summary_4', 'summary_5']","['summary_3', 'summary_5']","['summary_1', 'summary_2', 'summary_4']","['summary_1', 'summary_3']","['summary_2', 'summary_4', 'summary_5']","['summary_3', 'summary_5']","['summary_1', 'summary_2', 'summary_4']"
248,"['summary_2', 'summary_3', 'summary_4', 'summary_5']",['summary_1'],"['summary_2', 'summary_4', 'summary_5']","['summary_1', 'summary_3']","['summary_2', 'summary_3', 'summary_4', 'summary_5']",['summary_1'],"['summary_1', 'summary_2', 'summary_3', 'summary_4', 'summary_5']",[],"['summary_2', 'summary_3', 'summary_4', 'summary_5']",['summary_1']
249,"['summary_1', 'summary_2', 'summary_3', 'summary_4', 'summary_5']",[],"['summary_1', 'summary_2', 'summary_3', 'summary_4', 'summary_5']",[],"['summary_1', 'summary_2', 'summary_3', 'summary_4', 'summary_5']",[],"['summary_1', 'summary_2', 'summary_3', 'summary_4', 'summary_5']",[],"['summary_1', 'summary_2', 'summary_3', 'summary_5']",['summary_4']
250,"['summary_1', 'summary_2', 'summary_3', 'summary_4', 'summary_5']",[],"['summary_1', 'summary_2', 'summary_3', 'summary_4', 'summary_5']",[],"['summary_1', 'summary_2', 'summary_3', 'summary_4', 'summary_5']",[],"['summary_1', 'summary_2', 'summary_3', 'summary_4', 'summary_5']",[],"['summary_2', 'summary_3', 'summary_4', 'summary_5']",['summary_1']
251,['summary_4'],"['summary_1', 'summary_2', 'summary_3', 'summary_5']","['summary_1', 'summary_2', 'summary_4', 'summary_5']",['summary_3'],"['summary_3', 'summary_4', 'summary_5']","['summary_1', 'summary_2']","['summary_1', 'summary_2', 'summary_3', 'summary_4']",['summary_5'],"['summary_1', 'summary_3', 'summary_4', 'summary_5']",['summary_2']
252,"['summary_2', 'summary_3', 'summary_4']","['summary_1', 'summary_5']","['summary_1', 'summary_2', 'summary_3', 'summary_4', 'summary_5']",[],"['summary_1', 'summary_2', 'summary_3', 'summary_4', 'summary_5']",[],"['summary_2', 'summary_3', 'summary_4']","['summary_1', 'summary_5']","['summary_1', 'summary_3', 'summary_4', 'summary_5']",['summary_2']
253,"['summary_2', 'summary_3', 'summary_4']","['summary_1', 'summary_5']","['summary_1', 'summary_2', 'summary_3', 'summary_4', 'summary_5']",[],"['summary_2', 'summary_3', 'summary_4']","['summary_1', 'summary_5']","['summary_2', 'summary_3', 'summary_4', 'summary_5']",['summary_1'],"['summary_2', 'summary_3', 'summary_4']","['summary_1', 'summary_5']"
254,"['summary_1', 'summary_2', 'summary_3', 'summary_4', 'summary_5']",[],"['summary_1', 'summary_2', 'summary_3', 'summary_4', 'summary_5']",[],"['summary_1', 'summary_2', 'summary_3', 'summary_4', 'summary_5']",[],"['summary_1', 'summary_2', 'summary_3', 'summary_4', 'summary_5']",[],"['summary_1', 'summary_2', 'summary_3', 'summary_4', 'summary_5']",[]
255,"['summary_1', 'summary_2', 'summary_3', 'summary_4', 'summary_5']",[],"['summary_1', 'summary_2', 'summary_3', 'summary_4', 'summary_5']",[],"['summary_1', 'summary_2', 'summary_3', 'summary_4', 'summary_5']",[],"['summary_1', 'summary_2', 'summary_3', 'summary_4', 'summary_5']",[],"['summary_1', 'summary_2', 'summary_3', 'summary_4', 'summary_5']",[]
256,"['summary_2', 'summary_3', 'summary_4', 'summary_5']",['summary_1'],"['summary_1', 'summary_2', 'summary_3', 'summary_5']",['summary_4'],"['summary_2', 'summary_3', 'summary_4', 'summary_5']",['summary_1'],"['summary_2', 'summary_4', 'summary_5']","['summary_1', 'summary_3']","['summary_1', 'summary_3', 'summary_4']","['summary_2', 'summary_5']"
257,"['summary_1', 'summary_2', 'summary_3', 'summary_4', 'summary_5']",[],"['summary_1', 'summary_2', 'summary_3', 'summary_4', 'summary_5']",[],"['summary_2', 'summary_3', 'summary_4', 'summary_5']",['summary_1'],"['summary_1', 'summary_2', 'summary_3', 'summary_4', 'summary_5']",[],"['summary_1', 'summary_2', 'summary_3', 'summary_4', 'summary_5']",[]
258,"['summary_1', 'summary_2', 'summary_3', 'summary_4', 'summary_5']",[],"['summary_1', 'summary_2', 'summary_3', 'summary_4', 'summary_5']",[],"['summary_1', 'summary_2', 'summary_3', 'summary_4', 'summary_5']",[],"['summary_1', 'summary_2', 'summary_3', 'summary_4', 'summary_5']",[],"['summary_1', 'summary_3', 'summary_4', 'summary_5']",['summary_2']
259,"['summary_1', 'summary_2', 'summary_3', 'summary_4', 'summary_5']",[],"['summary_1', 'summary_2', 'summary_3', 'summary_4', 'summary_5']",[],"['summary_1', 'summary_2', 'summary_3', 'summary_4', 'summary_5']",[],"['summary_1', 'summary_2', 'summary_3', 'summary_4', 'summary_5']",[],"['summary_1', 'summary_2', 'summary_3', 'summary_4', 'summary_5']",[]
260,"['summary_1', 'summary_3', 'summary_5']","['summary_2', 'summary_4']","['summary_1', 'summary_2', 'summary_3', 'summary_4', 'summary_5']",[],"['summary_1', 'summary_2', 'summary_3', 'summary_4', 'summary_5']",[],"['summary_1', 'summary_3', 'summary_5']","['summary_2', 'summary_4']",[],"['summary_1', 'summary_2', 'summary_3', 'summary_4', 'summary_5']"
261,"['summary_3', 'summary_4', 'summary_5']","['summary_1', 'summary_2']","['summary_1', 'summary_2', 'summary_3', 'summary_4', 'summary_5']",[],"['summary_1', 'summary_3', 'summary_4', 'summary_5']",['summary_2'],"['summary_1', 'summary_2', 'summary_3', 'summary_4', 'summary_5']",[],"['summary_1', 'summary_2', 'summary_3', 'summary_4', 'summary_5']",[]
262,"['summary_1', 'summary_2', 'summary_3', 'summary_4', 'summary_5']",[],"['summary_1', 'summary_2', 'summary_3', 'summary_4', 'summary_5']",[],"['summary_1', 'summary_2', 'summary_3', 'summary_4', 'summary_5']",[],"['summary_1', 'summary_2', 'summary_3', 'summary_4', 'summary_5']",[],"['summary_1', 'summary_2', 'summary_3', 'summary_4', 'summary_5']",[]
263,"['summary_1', 'summary_3', 'summary_4']","['summary_2', 'summary_5']","['summary_1', 'summary_2', 'summary_3', 'summary_4']",['summary_5'],"['summary_1', 'summary_3', 'summary_4', 'summary_5']",['summary_2'],"['summary_1', 'summary_3', 'summary_4']","['summary_2', 'summary_5']","['summary_1', 'summary_3', 'summary_4', 'summary_5']",['summary_2']
264,"['summary_1', 'summary_2', 'summary_3', 'summary_4', 'summary_5']",[],"['summary_1', 'summary_2', 'summary_3', 'summary_4', 'summary_5']",[],"['summary_1', 'summary_2', 'summary_3', 'summary_4', 'summary_5']",[],"['summary_1', 'summary_2', 'summary_3', 'summary_4', 'summary_5']",[],"['summary_1', 'summary_2', 'summary_3', 'summary_4', 'summary_5']",[]
265,"['summary_1', 'summary_2', 'summary_3', 'summary_4']",['summary_5'],"['summary_1', 'summary_2', 'summary_3', 'summary_4', 'summary_5']",[],"['summary_1', 'summary_4']","['summary_2', 'summary_3', 'summary_5']","['summary_1', 'summary_2', 'summary_3', 'summary_4', 'summary_5']",[],"['summary_1', 'summary_2', 'summary_3', 'summary_4']",['summary_5']
266,"['summary_1', 'summary_2', 'summary_3', 'summary_4', 'summary_5']",[],"['summary_2', 'summary_3', 'summary_4', 'summary_5']",['summary_1'],"['summary_1', 'summary_2', 'summary_3', 'summary_4', 'summary_5']",[],"['summary_1', 'summary_2', 'summary_3', 'summary_4', 'summary_5']",[],"['summary_1', 'summary_2', 'summary_3', 'summary_4', 'summary_5']",[]
267,"['summary_1', 'summary_5']","['summary_2', 'summary_3', 'summary_4']","['summary_1', 'summary_5']","['summary_2', 'summary_3', 'summary_4']","['summary_1', 'summary_2', 'summary_3', 'summary_4', 'summary_5']",[],[],"['summary_1', 'summary_2', 'summary_3', 'summary_4', 'summary_5']","['summary_1', 'summary_2', 'summary_3', 'summary_4', 'summary_5']",[]
268,"['summary_1', 'summary_2', 'summary_3', 'summary_5']",['summary_4'],"['summary_1', 'summary_2', 'summary_3', 'summary_4', 'summary_5']",[],"['summary_1', 'summary_2', 'summary_3', 'summary_4']",['summary_5'],"['summary_1', 'summary_2', 'summary_3', 'summary_5']",['summary_4'],"['summary_1', 'summary_2', 'summary_3']","['summary_4', 'summary_5']"
269,"['summary_1', 'summary_3', 'summary_4', 'summary_5']",['summary_2'],"['summary_1', 'summary_2', 'summary_3', 'summary_4', 'summary_5']",[],"['summary_1', 'summary_2', 'summary_3', 'summary_4', 'summary_5']",[],"['summary_1', 'summary_2', 'summary_3', 'summary_4', 'summary_5']",[],"['summary_1', 'summary_3', 'summary_4']","['summary_2', 'summary_5']"
270,"['summary_2', 'summary_3', 'summary_4', 'summary_5']",['summary_1'],"['summary_1', 'summary_2', 'summary_3', 'summary_4', 'summary_5']",[],"['summary_2', 'summary_3', 'summary_4', 'summary_5']",['summary_1'],"['summary_1', 'summary_2', 'summary_3', 'summary_4', 'summary_5']",[],"['summary_1', 'summary_2', 'summary_3', 'summary_4', 'summary_5']",[]
272,"['summary_1', 'summary_2', 'summary_3', 'summary_4', 'summary_5']",[],"['summary_1', 'summary_2', 'summary_4', 'summary_5']",['summary_3'],"['summary_1', 'summary_2', 'summary_3', 'summary_4', 'summary_5']",[],"['summary_1', 'summary_2', 'summary_3', 'summary_4', 'summary_5']",[],"['summary_1', 'summary_2', 'summary_3', 'summary_4', 'summary_5']",[]
273,"['summary_2', 'summary_3', 'summary_4', 'summary_5']",['summary_1'],"['summary_1', 'summary_2', 'summary_3', 'summary_4', 'summary_5']",[],"['summary_2', 'summary_3', 'summary_4', 'summary_5']",['summary_1'],"['summary_1', 'summary_2', 'summary_3', 'summary_4', 'summary_5']",[],"['summary_2', 'summary_3', 'summary_5']","['summary_1', 'summary_4']"
274,"['summary_1', 'summary_2', 'summary_3', 'summary_5']",['summary_4'],"['summary_1', 'summary_3', 'summary_5']","['summary_2', 'summary_4']","['summary_1', 'summary_2', 'summary_3', 'summary_4', 'summary_5']",[],"['summary_1', 'summary_2', 'summary_3', 'summary_4', 'summary_5']",[],"['summary_1', 'summary_2', 'summary_5']","['summary_3', 'summary_4']"
275,"['summary_2', 'summary_3']","['summary_1', 'summary_4', 'summary_5']",['summary_2'],"['summary_1', 'summary_3', 'summary_4', 'summary_5']","['summary_2', 'summary_3']","['summary_1', 'summary_4', 'summary_5']","['summary_2', 'summary_3']","['summary_1', 'summary_4', 'summary_5']","['summary_2', 'summary_3']","['summary_1', 'summary_4', 'summary_5']"
276,"['summary_2', 'summary_3', 'summary_5']","['summary_1', 'summary_4']","['summary_1', 'summary_4']","['summary_2', 'summary_3', 'summary_5']","['summary_3', 'summary_5']","['summary_1', 'summary_2', 'summary_4']","['summary_2', 'summary_3', 'summary_5']","['summary_1', 'summary_4']","['summary_2', 'summary_3', 'summary_4', 'summary_5']",['summary_1']
278,"['summary_1', 'summary_2', 'summary_3', 'summary_4', 'summary_5']",[],"['summary_1', 'summary_2', 'summary_4', 'summary_5']",['summary_3'],"['summary_1', 'summary_2', 'summary_3', 'summary_4', 'summary_5']",[],"['summary_1', 'summary_2', 'summary_3', 'summary_4', 'summary_5']",[],"['summary_1', 'summary_2', 'summary_4', 'summary_5']",['summary_3']
279,"['summary_1', 'summary_5']","['summary_2', 'summary_3', 'summary_4']","['summary_1', 'summary_5']","['summary_2', 'summary_3', 'summary_4']","['summary_1', 'summary_2', 'summary_3', 'summary_4', 'summary_5']",[],"['summary_1', 'summary_3', 'summary_5']","['summary_2', 'summary_4']","['summary_1', 'summary_2', 'summary_5']","['summary_3', 'summary_4']"
280,"['summary_1', 'summary_2', 'summary_3', 'summary_4', 'summary_5']",[],"['summary_2', 'summary_3', 'summary_4']","['summary_1', 'summary_5']","['summary_1', 'summary_2', 'summary_3', 'summary_4', 'summary_5']",[],"['summary_1', 'summary_2', 'summary_3', 'summary_5']",['summary_4'],"['summary_1', 'summary_2', 'summary_3', 'summary_4', 'summary_5']",[]
281,"['summary_2', 'summary_4', 'summary_5']","['summary_1', 'summary_3']","['summary_1', 'summary_2', 'summary_3']","['summary_4', 'summary_5']","['summary_1', 'summary_2', 'summary_4', 'summary_5']",['summary_3'],"['summary_1', 'summary_2', 'summary_3', 'summary_4', 'summary_5']",[],"['summary_2', 'summary_3', 'summary_4', 'summary_5']",['summary_1']
282,"['summary_1', 'summary_2', 'summary_3', 'summary_4', 'summary_5']",[],"['summary_1', 'summary_2', 'summary_3', 'summary_4', 'summary_5']",[],"['summary_1', 'summary_2', 'summary_3', 'summary_4', 'summary_5']",[],"['summary_1', 'summary_2', 'summary_3', 'summary_4', 'summary_5']",[],"['summary_1', 'summary_2', 'summary_3', 'summary_4', 'summary_5']",[]
283,['summary_1'],"['summary_2', 'summary_3', 'summary_4', 'summary_5']","['summary_1', 'summary_5']","['summary_2', 'summary_3', 'summary_4']","['summary_1', 'summary_2', 'summary_3', 'summary_4']",['summary_5'],"['summary_1', 'summary_2']","['summary_3', 'summary_4', 'summary_5']","['summary_1', 'summary_3', 'summary_5']","['summary_2', 'summary_4']"
284,"['summary_3', 'summary_4', 'summary_5']","['summary_1', 'summary_2']","['summary_1', 'summary_2', 'summary_3', 'summary_4', 'summary_5']",[],"['summary_1', 'summary_2', 'summary_3', 'summary_4', 'summary_5']",[],"['summary_1', 'summary_3', 'summary_4', 'summary_5']",['summary_2'],"['summary_2', 'summary_3', 'summary_4', 'summary_5']",['summary_1']
285,"['summary_1', 'summary_2', 'summary_3', 'summary_4', 'summary_5']",[],"['summary_1', 'summary_2', 'summary_3', 'summary_4', 'summary_5']",[],"['summary_1', 'summary_2', 'summary_3', 'summary_4', 'summary_5']",[],"['summary_1', 'summary_2', 'summary_3', 'summary_4', 'summary_5']",[],"['summary_1', 'summary_2', 'summary_3', 'summary_4', 'summary_5']",[]
286,"['summary_1', 'summary_2', 'summary_3', 'summary_4', 'summary_5']",[],"['summary_2', 'summary_3']","['summary_1', 'summary_4', 'summary_5']","['summary_1', 'summary_2', 'summary_3', 'summary_4', 'summary_5']",[],"['summary_1', 'summary_2', 'summary_3', 'summary_4', 'summary_5']",[],"['summary_1', 'summary_2', 'summary_3', 'summary_4', 'summary_5']",[]
288,"['summary_1', 'summary_2', 'summary_4', 'summary_5']",['summary_3'],"['summary_1', 'summary_2', 'summary_4', 'summary_5']",['summary_3'],"['summary_1', 'summary_2', 'summary_4', 'summary_5']",['summary_3'],"['summary_1', 'summary_2', 'summary_3', 'summary_4', 'summary_5']",[],"['summary_1', 'summary_2', 'summary_3', 'summary_4', 'summary_5']",[]
289,"['summary_1', 'summary_4', 'summary_5']","['summary_2', 'summary_3']","['summary_1', 'summary_4', 'summary_5']","['summary_2', 'summary_3']","['summary_1', 'summary_3', 'summary_4', 'summary_5']",['summary_2'],"['summary_1', 'summary_2', 'summary_3', 'summary_4', 'summary_5']",[],"['summary_1', 'summary_2', 'summary_3', 'summary_4', 'summary_5']",[]
290,"['summary_1', 'summary_2', 'summary_3', 'summary_4', 'summary_5']",[],"['summary_1', 'summary_2', 'summary_3', 'summary_4', 'summary_5']",[],"['summary_1', 'summary_2', 'summary_3', 'summary_4', 'summary_5']",[],"['summary_1', 'summary_2', 'summary_3', 'summary_4', 'summary_5']",[],"['summary_1', 'summary_2', 'summary_3', 'summary_4', 'summary_5']",[]
291,"['summary_1', 'summary_2', 'summary_3', 'summary_4']",['summary_5'],"['summary_2', 'summary_3', 'summary_4']","['summary_1', 'summary_5']","['summary_1', 'summary_2', 'summary_3', 'summary_4']",['summary_5'],"['summary_1', 'summary_2', 'summary_3', 'summary_4', 'summary_5']",[],"['summary_1', 'summary_2', 'summary_4']","['summary_3', 'summary_5']"
292,"['summary_1', 'summary_3', 'summary_4', 'summary_5']",['summary_2'],"['summary_1', 'summary_2', 'summary_3', 'summary_4', 'summary_5']",[],"['summary_1', 'summary_3', 'summary_4', 'summary_5']",['summary_2'],"['summary_1', 'summary_3', 'summary_4', 'summary_5']",['summary_2'],"['summary_1', 'summary_3', 'summary_4', 'summary_5']",['summary_2']
293,"['summary_3', 'summary_5']","['summary_1', 'summary_2', 'summary_4']","['summary_1', 'summary_3', 'summary_4', 'summary_5']",['summary_2'],"['summary_1', 'summary_3', 'summary_5']","['summary_2', 'summary_4']","['summary_3', 'summary_5']","['summary_1', 'summary_2', 'summary_4']","['summary_3', 'summary_5']","['summary_1', 'summary_2', 'summary_4']"
294,"['summary_1', 'summary_2', 'summary_3', 'summary_4', 'summary_5']",[],"['summary_1', 'summary_2', 'summary_3', 'summary_4', 'summary_5']",[],"['summary_1', 'summary_2', 'summary_3', 'summary_4', 'summary_5']",[],"['summary_1', 'summary_2', 'summary_3', 'summary_4', 'summary_5']",[],"['summary_2', 'summary_3', 'summary_5']","['summary_1', 'summary_4']"
295,"['summary_3', 'summary_5']","['summary_1', 'summary_2', 'summary_4']","['summary_1', 'summary_3', 'summary_4']","['summary_2', 'summary_5']","['summary_1', 'summary_2', 'summary_3', 'summary_4', 'summary_5']",[],"['summary_1', 'summary_2', 'summary_3', 'summary_5']",['summary_4'],"['summary_1', 'summary_2', 'summary_3', 'summary_5']",['summary_4']
296,"['summary_1', 'summary_2', 'summary_3', 'summary_4', 'summary_5']",[],"['summary_1', 'summary_2', 'summary_3', 'summary_4', 'summary_5']",[],"['summary_1', 'summary_2', 'summary_3', 'summary_4', 'summary_5']",[],"['summary_1', 'summary_2', 'summary_3', 'summary_4', 'summary_5']",[],"['summary_1', 'summary_2', 'summary_3', 'summary_4', 'summary_5']",[]
297,"['summary_1', 'summary_2', 'summary_3', 'summary_4', 'summary_5']",[],"['summary_1', 'summary_2', 'summary_3', 'summary_4', 'summary_5']",[],"['summary_1', 'summary_2', 'summary_3', 'summary_4', 'summary_5']",[],"['summary_1', 'summary_2', 'summary_3', 'summary_4', 'summary_5']",[],"['summary_1', 'summary_2', 'summary_3', 'summary_4', 'summary_5']",[]
298,"['summary_2', 'summary_3', 'summary_4', 'summary_5']",['summary_1'],"['summary_2', 'summary_3', 'summary_4', 'summary_5']",['summary_1'],"['summary_2', 'summary_3', 'summary_4', 'summary_5']",['summary_1'],"['summary_1', 'summary_2', 'summary_3', 'summary_4']",['summary_5'],"['summary_2', 'summary_3', 'summary_4', 'summary_5']",['summary_1']
299,"['summary_1', 'summary_2', 'summary_3', 'summary_4', 'summary_5']",[],"['summary_1', 'summary_3', 'summary_5']","['summary_2', 'summary_4']","['summary_1', 'summary_2', 'summary_3', 'summary_4', 'summary_5']",[],"['summary_1', 'summary_2', 'summary_3', 'summary_4', 'summary_5']",[],"['summary_1', 'summary_2', 'summary_3', 'summary_4', 'summary_5']",[]
300,"['summary_1', 'summary_2', 'summary_3', 'summary_4', 'summary_5']",[],"['summary_1', 'summary_2', 'summary_3', 'summary_4', 'summary_5']",[],"['summary_2', 'summary_3', 'summary_4', 'summary_5']",['summary_1'],"['summary_1', 'summary_2', 'summary_3', 'summary_4', 'summary_5']",[],"['summary_1', 'summary_2', 'summary_3', 'summary_4', 'summary_5']",[]
